 3IH9TRB0FDC2FP6W0V8BY5CU7OL1ID	  A109CH3492UU42	  100% (47/47)
  https://twitter.com/K4YC3E/status/9866423590132...	  s
	  3INZSNUD8233WJT5CUMTMEE0DV19DS	  A7204W9E8IR1R	  100% (68/68)
  https://twitter.com/FRHYSB/status/9885802230285...	  y
	  3INZSNUD8233WJT5CUMTMEE0DV19DS	  A109CH3492UU42	  100% (47/47)
  https://twitter.com/FRHYSB/status/9885802230285...	  n
	  3INZSNUD8233WJT5CUMTMEE0DV19DS	  A252Z0ZJ7PF59Q	  100% (12/12)
  https://twitter.com/FRHYSB/status/9885802230285...	  n
	  3IVEC1GSLRCYA0Q2IDTBA6RUK3A1JP	  A2S96ZZ70YFPSK	  100% (1/1)
  https://twitter.com/StuckInABocks/status/986840...	  y
	  3IVEC1GSLRCYA0Q2IDTBA6RUK3A1JP	  A7204W9E8IR1R	  100% (68/68)
  https://twitter.com/StuckInABocks/status/986840...	  y
	  3IVEC1GSLRCYA0Q2IDTBA6RUK3A1JP	  A3BBDCU69807T2	  100% (3/3)
  https://twitter.com/StuckInABocks/status/986840...	  y
	  3JTPR5MTZUPS92X31LVZEB4OB8FK5P	  A109CH3492UU42	  100% (47/47)
  https://twitter.com/DeardebG/status/98927999586...	  n
	  3JTPR5MTZUPS92X31LVZEB4OB8FK5P	  A252Z0ZJ7PF59Q	  100% (12/12)
  https://twitter.com/DeardebG/status/98927999586...	  y
	  3JTPR5MTZUPS92X31LVZEB4OB8FK5P	  A7204W9E8IR1R	  100% (68/68)
  https://twitter.com/DeardebG/status/98927999586...	  y
	  3KQC8JMJGE5YTX9RHH49MMQC5VKH3S	  A362CV8OOYJA6W	  100% (48/48)
  https://twitter.com/ChunkyHilda/status/98757694...	  y
	  3KQC8JMJGE5YTX9RHH49MMQC5VKH3S	  A252Z0ZJ7PF59Q	  100% (12/12)
  https://twitter.com/ChunkyHilda/status/98757694...	  n
	  3KQC8JMJGE5YTX9RHH49MMQC5VKH3S	  A7204W9E8IR1R	  100% (68/68)
  https://twitter.com/ChunkyHilda/status/98757694...	  y
	  3KTCJ4SCVIEOB8WNLA63QYJBOX51MT	  A7204W9E8IR1R	  100% (68/68)
  https://twitter.com/u_boot/status/9872656334223...	  s
	  3KTCJ4SCVIEOB8WNLA63QYJBOX51MT	  A252Z0ZJ7PF59Q	  100% (12/12)
  https://twitter.com/u_boot/status/9872656334223...	  y
	  3KTCJ4SCVIEOB8WNLA63QYJBOX51MT	  A109CH3492UU42	  100% (47/47)
  https://twitter.com/u_boot/status/9872656334223...	  n
	  3L1EFR8WWVI0U37130HJAEHLP8H9F3	  A7204W9E8IR1R	  100% (68/68)
  https://twitter.com/bananabrainss/status/988986...	  y
	  3L1EFR8WWVI0U37130HJAEHLP8H9F3	  A109CH3492UU42	  100% (47/47)
  https://twitter.com/bananabrainss/status/988986...	  n
	  3L1EFR8WWVI0U37130HJAEHLP8H9F3	  A362CV8OOYJA6W	  100% (48/48)
  https://twitter.com/bananabrainss/status/988986...	  n
	  3LAZVA75NK4J0WZVHULUNLILB3YO2C	  A252Z0ZJ7PF59Q	  100% (12/12)
  https://twitter.com/Queerlove212/status/9899541...	  n
	  3LAZVA75NK4J0WZVHULUNLILB3YO2C	  A109CH3492UU42	  100% (47/47)
  https://twitter.com/Queerlove212/status/9899541...	  n
	  3LAZVA75NK4J0WZVHULUNLILB3YO2C	  A3BBDCU69807T2	  100% (3/3)
  https://twitter.com/Queerlove212/status/9899541...	  y
	  3M67TQBQQJ15YCQTSKVRWD6USS49AQ	  A109CH3492UU42	  100% (47/47)
  https://twitter.com/goofyduckling37/status/9879...	  y
	  3M67TQBQQJ15YCQTSKVRWD6USS49AQ	  A7204W9E8IR1R	  100% (68/68)
  https://twitter.com/goofyduckling37/status/9879...	  y
	  3M67TQBQQJ15YCQTSKVRWD6USS49AQ	  A362CV8OOYJA6W	  100% (48/48)
  https://twitter.com/goofyduckling37/status/9879...	  n
	  3M7OI89LV01698LTERO6IY5G2UHC6K	  A362CV8OOYJA6W	  100% (48/48)
  https://twitter.com/boobious76/status/989763413...	  y
	  3M7OI89LV01698LTERO6IY5G2UHC6K	  A109CH3492UU42	  100% (47/47)
  https://twitter.com/boobious76/status/989763413...	  y
	  3M7OI89LV01698LTERO6IY5G2UHC6K	  A7204W9E8IR1R	  100% (68/68)
  https://twitter.com/boobious76/status/989763413...	  y
	  3M93N4X8HM0Y4KPWVW8V67E3A3NJSR	  A109CH3492UU42	  100% (47/47)
  https://twitter.com/aquariusluv17/status/987163...	  n
	  3M93N4X8HM0Y4KPWVW8V67E3A3NJSR	  A362CV8OOYJA6W	  100% (48/48)
  https://twitter.com/aquariusluv17/status/987163...	  y
	  3M93N4X8HM0Y4KPWVW8V67E3A3NJSR	  A7204W9E8IR1R	  100% (68/68)
  https://twitter.com/aquariusluv17/status/987163...	  y
	  3MDWE879UJFAHMVLYYVNROQ0AAP9BL	  A7204W9E8IR1R	  100% (68/68)
  https://twitter.com/Seizure_kun/status/98802635...	  y
	  3MDWE879UJFAHMVLYYVNROQ0AAP9BL	  A362CV8OOYJA6W	  100% (48/48)
  https://twitter.com/Seizure_kun/status/98802635...	  n
	  3MDWE879UJFAHMVLYYVNROQ0AAP9BL	  A1LZWU72K42V92	  100% (3/3)
  https://twitter.com/Seizure_kun/status/98802635...	  n
	  3NQUW096N8LMUVHXPBKH5RM5M439L8	  A7204W9E8IR1R	  100% (68/68)
  https://twitter.com/timspace09/status/989876660...	  y
	  3NQUW096N8LMUVHXPBKH5RM5M439L8	  A109CH3492UU42	  100% (47/47)
  https://twitter.com/timspace09/status/989876660...	  n
	  3NQUW096N8LMUVHXPBKH5RM5M439L8	  A1Y3PSVSU557SW	  100% (8/8)
  https://twitter.com/timspace09/status/989876660...	  n
	  3NQUW096N8LMUVHXPBKH5RM5M43L9K	  A7204W9E8IR1R	  100% (68/68)
  https://twitter.com/B_MBBFP/status/989498732965...	  y
	  3NQUW096N8LMUVHXPBKH5RM5M43L9K	  A362CV8OOYJA6W	  100% (48/48)
  https://twitter.com/B_MBBFP/status/989498732965...	  n
	  3NQUW096N8LMUVHXPBKH5RM5M43L9K	  A3BBDCU69807T2	  100% (3/3)
  https://twitter.com/B_MBBFP/status/989498732965...	  y
	  3O0M2G5VC8FQWNACJJL0JAKU0I849A	  A7204W9E8IR1R	  100% (68/68)
  https://twitter.com/cole_hazeltine/status/98700...	  s
	  3O0M2G5VC8FQWNACJJL0JAKU0I849A	  A109CH3492UU42	  100% (47/47)
  https://twitter.com/cole_hazeltine/status/98700...	  s
	  3O0M2G5VC8FQWNACJJL0JAKU0I849A	  A362CV8OOYJA6W	  100% (48/48)
  https://twitter.com/cole_hazeltine/status/98700...	  n
	  3O0M2G5VC8FQWNACJJL0JAKU0I894F	  A109CH3492UU42	  100% (47/47)
  https://twitter.com/HananPruitt/status/98712300...	  n
	  3O0M2G5VC8FQWNACJJL0JAKU0I894F	  A362CV8OOYJA6W	  100% (48/48)
  https://twitter.com/HananPruitt/status/98712300...	  n
	  3O0M2G5VC8FQWNACJJL0JAKU0I894F	  A7204W9E8IR1R	  100% (68/68)
  https://twitter.com/HananPruitt/status/98712300...	  y
	  3OCZWXS7ZQK3T8FLML70TBH308KL5T	  A7204W9E8IR1R	  100% (68/68)
  https://twitter.com/MistressOlive96/status/9875...	  y
	  3OCZWXS7ZQK3T8FLML70TBH308KL5T	  A109CH3492UU42	  100% (47/47)
  https://twitter.com/MistressOlive96/status/9875...	  y
	  3OCZWXS7ZQK3T8FLML70TBH308KL5T	  A362CV8OOYJA6W	  100% (48/48)
  https://twitter.com/MistressOlive96/status/9875...	  n
	  3OND0WXMHYS13VPO61L55DU9WKAEHG	  A7204W9E8IR1R	  100% (68/68)
  https://twitter.com/funkyj/status/9878723747280...	  y
	  3OND0WXMHYS13VPO61L55DU9WKAEHG	  A109CH3492UU42	  100% (47/47)
  https://twitter.com/funkyj/status/9878723747280...	  n
	  3OND0WXMHYS13VPO61L55DU9WKAEHG	  A362CV8OOYJA6W	  100% (48/48)
  https://twitter.com/funkyj/status/9878723747280...	  y
	  3OZ4VAIBEZSEWC60PRD0HUYA97HJVW	  A109CH3492UU42	  100% (47/47)
  https://twitter.com/CraigIawton/status/98748532...	  y
	  3OZ4VAIBEZSEWC60PRD0HUYA97HJVW	  A7204W9E8IR1R	  100% (68/68)
  https://twitter.com/CraigIawton/status/98748532...	  y
	  3OZ4VAIBEZSEWC60PRD0HUYA97HJVW	  A362CV8OOYJA6W	  100% (48/48)
  https://twitter.com/CraigIawton/status/98748532...	  n
	  3QGHA0EA0LDLTI8TR95F58YB8BABWD	  A109CH3492UU42	  100% (47/47)
  https://twitter.com/KnickCarraway/status/986763...	  n
	  3QGHA0EA0LDLTI8TR95F58YB8BABWD	  A7204W9E8IR1R	  100% (68/68)
  https://twitter.com/KnickCarraway/status/986763...	  n
	  3QGHA0EA0LDLTI8TR95F58YB8BABWD	  A362CV8OOYJA6W	  100% (48/48)
  https://twitter.com/KnickCarraway/status/986763...	  n
	  3QQUBC64ZGR2JR2G446AYMCCY2UNX7	  A109CH3492UU42	  100% (47/47)
  https://twitter.com/julianna12369/status/987862...	  n
	  3QQUBC64ZGR2JR2G446AYMCCY2UNX7	  A362CV8OOYJA6W	  100% (48/48)
  https://twitter.com/julianna12369/status/987862...	  n
	  3QQUBC64ZGR2JR2G446AYMCCY2UNX7	  A7204W9E8IR1R	  100% (68/68)
  https://twitter.com/julianna12369/status/987862...	  s
	  3QTFNPMJC8VROM2V5MUVV7SN62SNZ4	  A109CH3492UU42	  100% (47/47)
  https://twitter.com/The_Ausmerican/status/98912...	  y
	  3QTFNPMJC8VROM2V5MUVV7SN62SNZ4	  A362CV8OOYJA6W	  100% (48/48)
  https://twitter.com/The_Ausmerican/status/98912...	  y
	  3QTFNPMJC8VROM2V5MUVV7SN62SNZ4	  A7204W9E8IR1R	  100% (68/68)
  https://twitter.com/The_Ausmerican/status/98912...	  y
	  3R4QIDVOJRPPJLYMG0DZKAXW44IEE0	  A109CH3492UU42	  100% (47/47)
  https://twitter.com/tretreez/status/98753101223...	  n
	  3R4QIDVOJRPPJLYMG0DZKAXW44IEE0	  A7204W9E8IR1R	  100% (68/68)
  https://twitter.com/tretreez/status/98753101223...	  y
	  3R4QIDVOJRPPJLYMG0DZKAXW44IEE0	  A362CV8OOYJA6W	  100% (48/48)
  https://twitter.com/tretreez/status/98753101223...	  n
	  3R868ACW4UPLEUL9IIH05NJQ5Q6GZP	  A109CH3492UU42	  100% (47/47)
  https://twitter.com/Aamazon1/status/98651075290...	  s
	  3R868ACW4UPLEUL9IIH05NJQ5Q6GZP	  A7204W9E8IR1R	  100% (68/68)
  https://twitter.com/Aamazon1/status/98651075290...	  s
	  3R868ACW4UPLEUL9IIH05NJQ5Q6GZP	  A362CV8OOYJA6W	  100% (48/48)
  https://twitter.com/Aamazon1/status/98651075290...	  n
	  3RDTX9JRT0ENFASVLHJ7MM44RKY97Z	  A362CV8OOYJA6W	  100% (48/48)
  https://twitter.com/ChoicesMatter_/status/98774...	  n
	  3RDTX9JRT0ENFASVLHJ7MM44RKY97Z	  A7204W9E8IR1R	  100% (68/68)
  https://twitter.com/ChoicesMatter_/status/98774...	  n
	  3RDTX9JRT0ENFASVLHJ7MM44RKY97Z	  A109CH3492UU42	  100% (47/47)
  https://twitter.com/ChoicesMatter_/status/98774...	  n
	  3RHLQY6EDVH2ZDNTVZQ2563KR3N4DR	  A109CH3492UU42	  100% (47/47)
  https://twitter.com/gribble006/status/989180149...	  y
	  3RHLQY6EDVH2ZDNTVZQ2563KR3N4DR	  A7204W9E8IR1R	  100% (68/68)
  https://twitter.com/gribble006/status/989180149...	  y
	  3RHLQY6EDVH2ZDNTVZQ2563KR3N4DR	  A362CV8OOYJA6W	  100% (48/48)
  https://twitter.com/gribble006/status/989180149...	  n
	  3S1WOPCJFI6XU1KEU1OQHQAO9CEEJL	  A109CH3492UU42	  100% (47/47)
  https://twitter.com/andrewmcn11/status/98818402...	  n
	  3S1WOPCJFI6XU1KEU1OQHQAO9CEEJL	  A362CV8OOYJA6W	  100% (48/48)
  https://twitter.com/andrewmcn11/status/98818402...	  y
	  3S1WOPCJFI6XU1KEU1OQHQAO9CEEJL	  A7204W9E8IR1R	  100% (68/68)
  https://twitter.com/andrewmcn11/status/98818402...	  y
	  3SNR5F7R9461ZQ08CJ3Q5PVOWXPEI9	  A109CH3492UU42	  100% (47/47)
  https://twitter.com/Heeather12/status/987907016...	  y
	  3SNR5F7R9461ZQ08CJ3Q5PVOWXPEI9	  A7204W9E8IR1R	  100% (68/68)
  https://twitter.com/Heeather12/status/987907016...	  y
	  3SNR5F7R9461ZQ08CJ3Q5PVOWXPEI9	  A1Y3PSVSU557SW	  100% (8/8)
  https://twitter.com/Heeather12/status/987907016...	  y
	  3SR6AEG6W76Z906F62XZCGMPEWEYHE	  A7204W9E8IR1R	  100% (68/68)
  https://twitter.com/StevieFortune/status/987316...	  y
	  3SR6AEG6W76Z906F62XZCGMPEWEYHE	  A252Z0ZJ7PF59Q	  100% (12/12)
  https://twitter.com/StevieFortune/status/987316...	  n
	  3SR6AEG6W76Z906F62XZCGMPEWEYHE	  A362CV8OOYJA6W	  100% (48/48)
  https://twitter.com/StevieFortune/status/987316...	  n
	  3T2HW4QDUXKTRRNRCYRI28WISVP9CS	  A109CH3492UU42	  100% (47/47)
  https://twitter.com/ChaseBarger/status/98826396...	  n
	  3T2HW4QDUXKTRRNRCYRI28WISVP9CS	  A362CV8OOYJA6W	  100% (48/48)
  https://twitter.com/ChaseBarger/status/98826396...	  n
	  3T2HW4QDUXKTRRNRCYRI28WISVP9CS	  A7204W9E8IR1R	  100% (68/68)
  https://twitter.com/ChaseBarger/status/98826396...	  y
	  3TFJJUELSJ2IR72SRPC3SLO4MPFC23	  A109CH3492UU42	  100% (47/47)
  https://twitter.com/LolaG_/status/9882806706307...	  y
	  3TFJJUELSJ2IR72SRPC3SLO4MPFC23	  A362CV8OOYJA6W	  100% (48/48)
  https://twitter.com/LolaG_/status/9882806706307...	  n
	  3TFJJUELSJ2IR72SRPC3SLO4MPFC23	  A7204W9E8IR1R	  100% (68/68)
  https://twitter.com/LolaG_/status/9882806706307...	  y
	  3TTPFEFXCVXXQGW90J27TP2WFMMH6Y	  A7204W9E8IR1R	  100% (68/68)
  https://twitter.com/thesuperjaps/status/9877558...	  y
	  3TTPFEFXCVXXQGW90J27TP2WFMMH6Y	  A1LZWU72K42V92	  100% (3/3)
  https://twitter.com/thesuperjaps/status/9877558...	  n
	  3TTPFEFXCVXXQGW90J27TP2WFMMH6Y	  A362CV8OOYJA6W	  100% (48/48)
  https://twitter.com/thesuperjaps/status/9877558...	  n
	  3TZ0XG8CBWXRFOXEVMBD0M0Z24498M	  A7204W9E8IR1R	  100% (68/68)
  https://twitter.com/shannineayisha/status/98781...	  y
	  3TZ0XG8CBWXRFOXEVMBD0M0Z24498M	  A362CV8OOYJA6W	  100% (48/48)
  https://twitter.com/shannineayisha/status/98781...	  y
	  3TZ0XG8CBWXRFOXEVMBD0M0Z24498M	  A10LQ8RUWDUI5U	  0% (0/0)
  https://twitter.com/shannineayisha/status/98781...	  y
	  3TZDZ3Y0JUJ94ODTW12YLCDROYY912	  A7204W9E8IR1R	  100% (68/68)
  https://twitter.com/Jasmin_Belle/status/9864557...	  y
	  3TZDZ3Y0JUJ94ODTW12YLCDROYY912	  A1LZWU72K42V92	  100% (3/3)
  https://twitter.com/Jasmin_Belle/status/9864557...	  n
	  3TZDZ3Y0JUJ94ODTW12YLCDROYY912	  A109CH3492UU42	  100% (47/47)
  https://twitter.com/Jasmin_Belle/status/9864557...	  n
  3UDTAB6HH8C9XZSB0IYY77UHJ6S90Z    A252Z0ZJ7PF59Q    100% (18/18)
  https://twitter.com/LycanLeopard/status/9864613...    n
    3UDTAB6HH8C9XZSB0IYY77UHJ6S90Z    A7204W9E8IR1R   100% (100/100)
  https://twitter.com/LycanLeopard/status/9864613...    y
    3UDTAB6HH8C9XZSB0IYY77UHJ6S90Z    A362CV8OOYJA6W    100% (73/73)
  https://twitter.com/LycanLeopard/status/9864613...    n
    3UOMW19E6FJAQ4LF98E1QSRG6Z6C54    A252Z0ZJ7PF59Q    100% (18/18)
  https://twitter.com/RATMATAZZGAMING/status/9893...    n
    3UOMW19E6FJAQ4LF98E1QSRG6Z6C54    A1LZWU72K42V92    100% (6/6)
  https://twitter.com/RATMATAZZGAMING/status/9893...    y
    3UOMW19E6FJAQ4LF98E1QSRG6Z6C54    A7204W9E8IR1R   100% (100/100)
  https://twitter.com/RATMATAZZGAMING/status/9893...    n
    3UQ1LLR26CL0ZER2HHYH1MXPSMLLAZ    A252Z0ZJ7PF59Q    100% (18/18)
  https://twitter.com/callme_jc/status/9900051609...    n
    3UQ1LLR26CL0ZER2HHYH1MXPSMLLAZ    A7204W9E8IR1R   100% (100/100)
  https://twitter.com/callme_jc/status/9900051609...    y
    3UQ1LLR26CL0ZER2HHYH1MXPSMLLAZ    A1Y3PSVSU557SW    100% (10/10)
  https://twitter.com/callme_jc/status/9900051609...    n
    3UV0D2KX1OWZXX1PM5LST6653G34F2    A1LZWU72K42V92    100% (6/6)
  https://twitter.com/lesjjvids/status/9899594187...    y
    3UV0D2KX1OWZXX1PM5LST6653G34F2    A109CH3492UU42    100% (74/74)
  https://twitter.com/lesjjvids/status/9899594187...    y
    3UV0D2KX1OWZXX1PM5LST6653G34F2    A7204W9E8IR1R   100% (100/100)
  https://twitter.com/lesjjvids/status/9899594187...    y
    3UY4PIS8QTYUTQHNXBL33D8BTNF1NT    A7204W9E8IR1R   100% (100/100)
  https://twitter.com/Katiescar334/status/9876103...    y
    3UY4PIS8QTYUTQHNXBL33D8BTNF1NT    A3O1I9MATO3ZZN    100% (2/2)
  https://twitter.com/Katiescar334/status/9876103...    y
    3UY4PIS8QTYUTQHNXBL33D8BTNF1NT    A362CV8OOYJA6W    100% (73/73)
  https://twitter.com/Katiescar334/status/9876103...    n
    3UZUVSO3P98NV9QZXY1IXI25D69EMP    A109CH3492UU42    100% (74/74)
  https://twitter.com/remonbrossom/status/9889316...    n
    3UZUVSO3P98NV9QZXY1IXI25D69EMP    A362CV8OOYJA6W    100% (73/73)
  https://twitter.com/remonbrossom/status/9889316...    n
    3UZUVSO3P98NV9QZXY1IXI25D69EMP    A7204W9E8IR1R   100% (100/100)
  https://twitter.com/remonbrossom/status/9889316...    s
    3V0TR1NRVCF416KHBPZ0F5VE60Q4AP    A109CH3492UU42    100% (74/74)
  https://twitter.com/Paws675/status/987844040484...    n
    3V0TR1NRVCF416KHBPZ0F5VE60Q4AP    A1LZWU72K42V92    100% (6/6)
  https://twitter.com/Paws675/status/987844040484...    s
    3V0TR1NRVCF416KHBPZ0F5VE60Q4AP    A7204W9E8IR1R   100% (100/100)
  https://twitter.com/Paws675/status/987844040484...    y
    3V7ICJJAZCT9KGP9H3ZWAGFKOIB4BK    A362CV8OOYJA6W    100% (73/73)
  https://twitter.com/jaclyn_jones/status/9878697...    y
    3V7ICJJAZCT9KGP9H3ZWAGFKOIB4BK    A109CH3492UU42    100% (74/74)
  https://twitter.com/jaclyn_jones/status/9878697...    y
    3V7ICJJAZCT9KGP9H3ZWAGFKOIB4BK    A7204W9E8IR1R   100% (100/100)
  https://twitter.com/jaclyn_jones/status/9878697...    y
    3W0XM68YZR8TLKWK0YTNBLR7ZSA1KO    A7204W9E8IR1R   100% (100/100)
  https://twitter.com/AlecMapa/status/98685295237...    y
    3W0XM68YZR8TLKWK0YTNBLR7ZSA1KO    A362CV8OOYJA6W    100% (73/73)
  https://twitter.com/AlecMapa/status/98685295237...    y
    3W0XM68YZR8TLKWK0YTNBLR7ZSA1KO    A252Z0ZJ7PF59Q    100% (18/18)
  https://twitter.com/AlecMapa/status/98685295237...    y
    3W0XM68YZR8TLKWK0YTNBLR7ZSAK17    A362CV8OOYJA6W    100% (73/73)
  https://twitter.com/Shellie_B129/status/9885825...    n
    3W0XM68YZR8TLKWK0YTNBLR7ZSAK17    A109CH3492UU42    100% (74/74)
  https://twitter.com/Shellie_B129/status/9885825...    n
    3W0XM68YZR8TLKWK0YTNBLR7ZSAK17    A7204W9E8IR1R   100% (100/100)
  https://twitter.com/Shellie_B129/status/9885825...    n
    3W1K7D6QSDUPNDDY2WPM4CSTPDEBZ3    A362CV8OOYJA6W    100% (73/73)
  https://twitter.com/TodClarey/status/9876450556...    y
    3W1K7D6QSDUPNDDY2WPM4CSTPDEBZ3    A7204W9E8IR1R   100% (100/100)
  https://twitter.com/TodClarey/status/9876450556...    s
    3W1K7D6QSDUPNDDY2WPM4CSTPDEBZ3    A3BBDCU69807T2    100% (6/6)
  https://twitter.com/TodClarey/status/9876450556...    n
    3W5PY7V3URKV0615U20KOT24ROIYJJ    A7204W9E8IR1R   100% (100/100)
  https://twitter.com/realThomasDog/status/987824...    y
    3W5PY7V3URKV0615U20KOT24ROIYJJ    A362CV8OOYJA6W    100% (73/73)
  https://twitter.com/realThomasDog/status/987824...    n
    3W5PY7V3URKV0615U20KOT24ROIYJJ    A1Y3PSVSU557SW    100% (10/10)
  https://twitter.com/realThomasDog/status/987824...    n
    3WRKFXQBODKZ5VHZCKFKCSN4E9TYI7    A7204W9E8IR1R   100% (100/100)
  https://twitter.com/LifeInFramePHL/status/98749...    s
    3WRKFXQBODKZ5VHZCKFKCSN4E9TYI7    A1Y3PSVSU557SW    100% (10/10)
  https://twitter.com/LifeInFramePHL/status/98749...    y
    3WRKFXQBODKZ5VHZCKFKCSN4E9TYI7    A362CV8OOYJA6W    100% (73/73)
  https://twitter.com/LifeInFramePHL/status/98749...    n
    3WYZV0QBFLQ0IIDJ1E117RCIHDGBX6    A362CV8OOYJA6W    100% (73/73)
  https://twitter.com/DJWallach77/status/98698976...    n
    3WYZV0QBFLQ0IIDJ1E117RCIHDGBX6    A109CH3492UU42    100% (74/74)
  https://twitter.com/DJWallach77/status/98698976...    n
    3WYZV0QBFLQ0IIDJ1E117RCIHDGBX6    A7204W9E8IR1R   100% (100/100)
  https://twitter.com/DJWallach77/status/98698976...    n
    3XEDXEGFX51TEVB24FPNXG8XU04K04    A109CH3492UU42    100% (74/74)
  https://twitter.com/GoldRunesMalec/status/98894...    n
    3XEDXEGFX51TEVB24FPNXG8XU04K04    A7204W9E8IR1R   100% (100/100)
  https://twitter.com/GoldRunesMalec/status/98894...    y
    3XEDXEGFX51TEVB24FPNXG8XU04K04    A1Y3PSVSU557SW    100% (10/10)
  https://twitter.com/GoldRunesMalec/status/98894...    y
    3Y3N5A7N4IML1E7QXZDC4LULVIDYMN    A252Z0ZJ7PF59Q    100% (18/18)
  https://twitter.com/biggz2014/status/9879525573...    n
    3Y3N5A7N4IML1E7QXZDC4LULVIDYMN    A109CH3492UU42    100% (74/74)
  https://twitter.com/biggz2014/status/9879525573...    s
    3Y3N5A7N4IML1E7QXZDC4LULVIDYMN    A7204W9E8IR1R   100% (100/100)
  https://twitter.com/biggz2014/status/9879525573...    s
    3Z8UJEJOC1Q5ERR8J5GH95SOMIC93U    A109CH3492UU42    100% (74/74)
  https://twitter.com/RightSideOfFunk/status/9870...    n
    3Z8UJEJOC1Q5ERR8J5GH95SOMIC93U    A362CV8OOYJA6W    100% (73/73)
  https://twitter.com/RightSideOfFunk/status/9870...    n
    3Z8UJEJOC1Q5ERR8J5GH95SOMIC93U    A7204W9E8IR1R   100% (100/100)
  https://twitter.com/RightSideOfFunk/status/9870...    y
    3ZQA3IO31D4CBBHZYQLGI28GJXKO1V    A362CV8OOYJA6W    100% (73/73)
  https://twitter.com/TiaisBEAST/status/989397668...    n
    3ZQA3IO31D4CBBHZYQLGI28GJXKO1V    A312KFQ78WB3A4    0% (0/0)
  https://twitter.com/TiaisBEAST/status/989397668...    s
    3ZQA3IO31D4CBBHZYQLGI28GJXKO1V    A7204W9E8IR1R   100% (100/100)
  https://twitter.com/TiaisBEAST/status/989397668...    s
    3ZXNP4Z39TYIGCT4AEMXRVVZREFL78    A7204W9E8IR1R   100% (100/100)
  https://twitter.com/kmejia0/status/988859157980...    y
    3ZXNP4Z39TYIGCT4AEMXRVVZREFL78    A1LZWU72K42V92    100% (6/6)
  https://twitter.com/kmejia0/status/988859157980...    y
    3ZXNP4Z39TYIGCT4AEMXRVVZREFL78    A3BBDCU69807T2    100% (6/6)
  https://twitter.com/kmejia0/status/988859157980...    y
   301KG0KX9EY98FD8DHQ43CLKZHKH2H   A7204W9E8IR1R   100% (119/119)
  https://twitter.com/ckreality13/status/98738060...    y
    301KG0KX9EY98FD8DHQ43CLKZHKH2H    A362CV8OOYJA6W    100% (85/85)
  https://twitter.com/ckreality13/status/98738060...    y
    301KG0KX9EY98FD8DHQ43CLKZHKH2H    A109CH3492UU42    100% (83/83)
  https://twitter.com/ckreality13/status/98738060...    y
    304QEQWKZRXC4MWH27HG4XP6E5EO0S    A109CH3492UU42    100% (83/83)
  https://twitter.com/FredGrayson/status/98931927...    n
    304QEQWKZRXC4MWH27HG4XP6E5EO0S    A2C0QNEIOSKAV5    100% (7/7)
  https://twitter.com/FredGrayson/status/98931927...    n
    304QEQWKZRXC4MWH27HG4XP6E5EO0S    A7204W9E8IR1R   100% (119/119)
  https://twitter.com/FredGrayson/status/98931927...    y
    30OITAWPBSGK8ZY7YQ5JDZTY5NU9H1    A7204W9E8IR1R   100% (119/119)
  https://twitter.com/boilakwatsero21/status/9892...    y
    30OITAWPBSGK8ZY7YQ5JDZTY5NU9H1    A1Y3PSVSU557SW    100% (14/14)
  https://twitter.com/boilakwatsero21/status/9892...    s
    30OITAWPBSGK8ZY7YQ5JDZTY5NU9H1    A109CH3492UU42    100% (83/83)
  https://twitter.com/boilakwatsero21/status/9892...    n
    30OITAWPBSGK8ZY7YQ5JDZTY5NUH99    A109CH3492UU42    100% (83/83)
  https://twitter.com/fabiancalinyc/status/988026...    n
    30OITAWPBSGK8ZY7YQ5JDZTY5NUH99    A7204W9E8IR1R   100% (119/119)
  https://twitter.com/fabiancalinyc/status/988026...    y
    30OITAWPBSGK8ZY7YQ5JDZTY5NUH99    A1LZWU72K42V92    100% (10/10)
  https://twitter.com/fabiancalinyc/status/988026...    y
    3126F2F5FAGTGCNCPETAEMW0IBKEPL    A362CV8OOYJA6W    100% (85/85)
  https://twitter.com/callme_jc/status/9900064455...    y
    3126F2F5FAGTGCNCPETAEMW0IBKEPL    A7204W9E8IR1R   100% (119/119)
  https://twitter.com/callme_jc/status/9900064455...    y
    3126F2F5FAGTGCNCPETAEMW0IBKEPL    A2C0QNEIOSKAV5    100% (7/7)
  https://twitter.com/callme_jc/status/9900064455...    y
    31ANT7FQNAF17CWVV0S21JOWJRBH5I    A7204W9E8IR1R   100% (119/119)
  https://twitter.com/ZaynMyZunshine/status/98771...    y
    31ANT7FQNAF17CWVV0S21JOWJRBH5I    A109CH3492UU42    100% (83/83)
  https://twitter.com/ZaynMyZunshine/status/98771...    y
    31ANT7FQNAF17CWVV0S21JOWJRBH5I    A362CV8OOYJA6W    100% (85/85)
  https://twitter.com/ZaynMyZunshine/status/98771...    n
    31J7RYECZN345QE2LY5OQL4MOSF1LR    A1Y3PSVSU557SW    100% (14/14)
  https://twitter.com/HaydenJames277/status/98716...    n
    31J7RYECZN345QE2LY5OQL4MOSF1LR    A2C0QNEIOSKAV5    100% (7/7)
  https://twitter.com/HaydenJames277/status/98716...    y
    31J7RYECZN345QE2LY5OQL4MOSF1LR    A7204W9E8IR1R   100% (119/119)
  https://twitter.com/HaydenJames277/status/98716...    y
    31JUPBOORPHMGQYNKJE35VRU2YLL8V    A109CH3492UU42    100% (83/83)
  https://twitter.com/JimmySextonLLM/status/98897...    n
    31JUPBOORPHMGQYNKJE35VRU2YLL8V    A362CV8OOYJA6W    100% (85/85)
  https://twitter.com/JimmySextonLLM/status/98897...    n
    31JUPBOORPHMGQYNKJE35VRU2YLL8V    A7204W9E8IR1R   100% (119/119)
  https://twitter.com/JimmySextonLLM/status/98897...    s
    329E6HTMSYFPVNAZN276ZE64XCOK3Z    A7204W9E8IR1R   100% (119/119)
  https://twitter.com/hookorslicegolf/status/9898...    y
    329E6HTMSYFPVNAZN276ZE64XCOK3Z    A109CH3492UU42    100% (83/83)
  https://twitter.com/hookorslicegolf/status/9898...    y
    329E6HTMSYFPVNAZN276ZE64XCOK3Z    A362CV8OOYJA6W    100% (85/85)
  https://twitter.com/hookorslicegolf/status/9898...    y
    32W3UF2EZQYSULHFV3VRL0L263B4CR    A362CV8OOYJA6W    100% (85/85)
  https://twitter.com/RedWhiteAndBuzz/status/9881...    y
    32W3UF2EZQYSULHFV3VRL0L263B4CR    A252Z0ZJ7PF59Q    100% (23/23)
  https://twitter.com/RedWhiteAndBuzz/status/9881...    y
    32W3UF2EZQYSULHFV3VRL0L263B4CR    A7204W9E8IR1R   100% (119/119)
  https://twitter.com/RedWhiteAndBuzz/status/9881...    y
    32W3UF2EZQYSULHFV3VRL0L263BC4Z    A7204W9E8IR1R   100% (119/119)
  https://twitter.com/mattlingerfelt/status/98895...    y
    32W3UF2EZQYSULHFV3VRL0L263BC4Z    A362CV8OOYJA6W    100% (85/85)
  https://twitter.com/mattlingerfelt/status/98895...    n
    32W3UF2EZQYSULHFV3VRL0L263BC4Z    A109CH3492UU42    100% (83/83)
  https://twitter.com/mattlingerfelt/status/98895...    y
    32ZCLEW0B1X1RS943F41B29SNJGJPB    A362CV8OOYJA6W    100% (85/85)
  https://twitter.com/ZaineFrame/status/986738425...    n
    32ZCLEW0B1X1RS943F41B29SNJGJPB    A109CH3492UU42    100% (83/83)
  https://twitter.com/ZaineFrame/status/986738425...    n
    32ZCLEW0B1X1RS943F41B29SNJGJPB    A7204W9E8IR1R   100% (119/119)
  https://twitter.com/ZaineFrame/status/986738425...    y
    335VBRURDLD8OP758PXDSWWLD729EL    A109CH3492UU42    100% (83/83)
  https://twitter.com/readernoir/status/988919346...    n
    335VBRURDLD8OP758PXDSWWLD729EL    A362CV8OOYJA6W    100% (85/85)
  https://twitter.com/readernoir/status/988919346...    n
    335VBRURDLD8OP758PXDSWWLD729EL    A7204W9E8IR1R   100% (119/119)
  https://twitter.com/readernoir/status/988919346...    y
    33KMQD9OFLRJ1R426KLN8QDYWUA77L    A7204W9E8IR1R   100% (119/119)
  https://twitter.com/MBomya/status/9871246778721...    y
    33KMQD9OFLRJ1R426KLN8QDYWUA77L    A362CV8OOYJA6W    100% (85/85)
  https://twitter.com/MBomya/status/9871246778721...    n
    33KMQD9OFLRJ1R426KLN8QDYWUA77L    A109CH3492UU42    100% (83/83)
  https://twitter.com/MBomya/status/9871246778721...    n
    3421H3BM9CUGZ5TXMQ84PC9DIFY9J6    A7204W9E8IR1R   100% (119/119)
  https://twitter.com/CraicTowns/status/989950749...    y
    3421H3BM9CUGZ5TXMQ84PC9DIFY9J6    A109CH3492UU42    100% (83/83)
  https://twitter.com/CraicTowns/status/989950749...    y
    3421H3BM9CUGZ5TXMQ84PC9DIFY9J6    A1Y3PSVSU557SW    100% (14/14)
  https://twitter.com/CraicTowns/status/989950749...    y
    344M16OZKKSTDRBZ9ZGIAXR5IWJENP    A109CH3492UU42    100% (83/83)
  https://twitter.com/dailyoneliner1/status/98932...    n
    344M16OZKKSTDRBZ9ZGIAXR5IWJENP    A7204W9E8IR1R   100% (119/119)
  https://twitter.com/dailyoneliner1/status/98932...    y
    344M16OZKKSTDRBZ9ZGIAXR5IWJENP    A362CV8OOYJA6W    100% (85/85)
  https://twitter.com/dailyoneliner1/status/98932...    n
    34OWYT6U3YUK4U9R48N4DBUD5099IU    A362CV8OOYJA6W    100% (85/85)
  https://twitter.com/MissAndret/status/989539264...    n
    34OWYT6U3YUK4U9R48N4DBUD5099IU    A7204W9E8IR1R   100% (119/119)
  https://twitter.com/MissAndret/status/989539264...    y
    351S7I5UGB91O7XRN0R97D4XN4FJNF    A109CH3492UU42    100% (83/83)
  https://twitter.com/OS_Rixen/status/98653486118...    y
    351S7I5UGB91O7XRN0R97D4XN4FJNF    A362CV8OOYJA6W    100% (85/85)
  https://twitter.com/OS_Rixen/status/98653486118...    y
    351S7I5UGB91O7XRN0R97D4XN4FJNF    A7204W9E8IR1R   100% (119/119)
  https://twitter.com/OS_Rixen/status/98653486118...    y
    356TQKY9XHAN159LGPDTMQ9T7EG788    A109CH3492UU42    100% (83/83)
  https://twitter.com/BeerBellyThug/status/987420...    y
    356TQKY9XHAN159LGPDTMQ9T7EG788    A7204W9E8IR1R   100% (119/119)
  https://twitter.com/BeerBellyThug/status/987420...    y
    356TQKY9XHAN159LGPDTMQ9T7EG788    A362CV8OOYJA6W    100% (85/85)
  https://twitter.com/BeerBellyThug/status/987420...    y
    356ZPKYPUJURMH43PF54LPOG0NOYPJ    A7204W9E8IR1R   100% (119/119)
  https://twitter.com/ChoicesMatter_/status/98883...    n
    356ZPKYPUJURMH43PF54LPOG0NOYPJ    A362CV8OOYJA6W    100% (85/85)
  https://twitter.com/ChoicesMatter_/status/98883...    n
    356ZPKYPUJURMH43PF54LPOG0NOYPJ    A109CH3492UU42    100% (83/83)
  https://twitter.com/ChoicesMatter_/status/98883...    n
    359AP8GAGIXPD8ZYX1TYOC5CX51C7J    A7204W9E8IR1R   100% (119/119)
  https://twitter.com/Amandainthstars/status/9899...    y
    359AP8GAGIXPD8ZYX1TYOC5CX51C7J    A362CV8OOYJA6W    100% (85/85)
  https://twitter.com/Amandainthstars/status/9899...    n
    359AP8GAGIXPD8ZYX1TYOC5CX51C7J    A109CH3492UU42    100% (83/83)
  https://twitter.com/Amandainthstars/status/9899...    y
    35JDMRECC6MN3ZUDMV3NKDI8HKXEGH    A7204W9E8IR1R   100% (119/119)
  https://twitter.com/sarabowden33/status/9877093...    s
    35JDMRECC6MN3ZUDMV3NKDI8HKXEGH    A362CV8OOYJA6W    100% (85/85)
  https://twitter.com/sarabowden33/status/9877093...    y
    35JDMRECC6MN3ZUDMV3NKDI8HKXEGH    A109CH3492UU42    100% (83/83)
  https://twitter.com/sarabowden33/status/9877093...    y
    35ZRNT9RUKB8LEVELUZZ6VNDHHYO3N    A362CV8OOYJA6W    100% (85/85)
  https://twitter.com/callme_jc/status/9900055217...    n
    35ZRNT9RUKB8LEVELUZZ6VNDHHYO3N    A252Z0ZJ7PF59Q    100% (23/23)
  https://twitter.com/callme_jc/status/9900055217...    n
    35ZRNT9RUKB8LEVELUZZ6VNDHHYO3N    A7204W9E8IR1R   100% (119/119)
  https://twitter.com/callme_jc/status/9900055217...    y
    360ZO6N6J3W60DZIPNLW541UM9T9MA    A1Y3PSVSU557SW    100% (14/14)
  https://twitter.com/callme_jc/status/9900060648...    y
    360ZO6N6J3W60DZIPNLW541UM9T9MA    A7204W9E8IR1R   100% (119/119)
  https://twitter.com/callme_jc/status/9900060648...    y
    360ZO6N6J3W60DZIPNLW541UM9T9MA    A109CH3492UU42    100% (83/83)
  https://twitter.com/callme_jc/status/9900060648...    y
    366FYU4PTI2S5LQWCMO2I5A1O1EEKK    A109CH3492UU42    100% (83/83)
  https://twitter.com/live7love2laugh/status/9885...    y
    366FYU4PTI2S5LQWCMO2I5A1O1EEKK    A7204W9E8IR1R   100% (119/119)
  https://twitter.com/live7love2laugh/status/9885...    y
    366FYU4PTI2S5LQWCMO2I5A1O1EEKK    A252Z0ZJ7PF59Q    100% (23/23)
  https://twitter.com/live7love2laugh/status/9885...    y
    36AZSFEYZ6D8ET8O1Z0JJ6FX128BV3    A7204W9E8IR1R   100% (119/119)
  https://twitter.com/Originalkidski/status/98667...    s
    36AZSFEYZ6D8ET8O1Z0JJ6FX128BV3    A252Z0ZJ7PF59Q    100% (23/23)
  https://twitter.com/Originalkidski/status/98667...    n
    36AZSFEYZ6D8ET8O1Z0JJ6FX128BV3    A2C0QNEIOSKAV5    100% (7/7)
  https://twitter.com/Originalkidski/status/98667...    s
    36MUZ9VAE8FKRFKMK52FESFB4SHED7    A7204W9E8IR1R   100% (119/119)
  https://twitter.com/confesshuns/status/98727540...    y
    36MUZ9VAE8FKRFKMK52FESFB4SHED7    A362CV8OOYJA6W    100% (85/85)
  https://twitter.com/confesshuns/status/98727540...    n
    37OPIVELUWGYDI8CQWJJ9U4IB5CHAO    A7204W9E8IR1R   100% (119/119)
  https://twitter.com/NegiCakes/status/9886464268...    y
    37OPIVELUWGYDI8CQWJJ9U4IB5CHAO    A252Z0ZJ7PF59Q    100% (23/23)
  https://twitter.com/NegiCakes/status/9886464268...    s
    37OPIVELUWGYDI8CQWJJ9U4IB5CHAO    A109CH3492UU42    100% (83/83)
  https://twitter.com/NegiCakes/status/9886464268...    n
    37VE3DA4YWU3WSD4WAJF45OOTNXHBJ    A109CH3492UU42    100% (83/83)
  https://twitter.com/kcdahippie/status/988656207...    y
    37VE3DA4YWU3WSD4WAJF45OOTNXHBJ    A362CV8OOYJA6W    100% (85/85)
  https://twitter.com/kcdahippie/status/988656207...    y
    37VE3DA4YWU3WSD4WAJF45OOTNXHBJ    A7204W9E8IR1R   100% (119/119)
  https://twitter.com/kcdahippie/status/988656207...    y
    37VHPF5VYEGTDM4H76L42C178P7C86    A109CH3492UU42    100% (83/83)
  https://twitter.com/callme_jc/status/9900056146...    y
    37VHPF5VYEGTDM4H76L42C178P7C86    A7204W9E8IR1R   100% (119/119)
  https://twitter.com/callme_jc/status/9900056146...    y
    37VUR2VJ6C2B2MKW8LCPN2EZUJ1C1M    A109CH3492UU42    100% (83/83)
  https://twitter.com/ElNeatoBandito/status/98793...    n
    37VUR2VJ6C2B2MKW8LCPN2EZUJ1C1M    A7204W9E8IR1R   100% (119/119)
  https://twitter.com/ElNeatoBandito/status/98793...    y
    37VUR2VJ6C2B2MKW8LCPN2EZUJ1C1M    A1Y3PSVSU557SW    100% (14/14)
  https://twitter.com/ElNeatoBandito/status/98793...    y
    385MDVINFESRB165F1IW3WHOGGJJW6    A109CH3492UU42    100% (83/83)
  https://twitter.com/seth_bauerle/status/9878622...    s
    385MDVINFESRB165F1IW3WHOGGJJW6    A7204W9E8IR1R   100% (119/119)
  https://twitter.com/seth_bauerle/status/9878622...    s
    385MDVINFESRB165F1IW3WHOGGJJW6    A3BBDCU69807T2    100% (8/8)
  https://twitter.com/seth_bauerle/status/9878622...    n
    388FBO7JZT6RJWSQ90SCH0JL08NYNN    A109CH3492UU42    100% (83/83)
  https://twitter.com/Emciingoho/status/988415942...    n
    388FBO7JZT6RJWSQ90SCH0JL08NYNN    A7204W9E8IR1R   100% (119/119)
  https://twitter.com/Emciingoho/status/988415942...    y
    388FBO7JZT6RJWSQ90SCH0JL08NYNN    A1Y3PSVSU557SW    100% (14/14)
  https://twitter.com/Emciingoho/status/988415942...    s
    388FBO7JZT6RJWSQ90SCH0JL08ONYD    A1Y3PSVSU557SW    100% (14/14)
  https://twitter.com/jacobmendoza_/status/987924...    n
    388FBO7JZT6RJWSQ90SCH0JL08ONYD    A7204W9E8IR1R   100% (119/119)
  https://twitter.com/jacobmendoza_/status/987924...    s
    388FBO7JZT6RJWSQ90SCH0JL08ONYD    A109CH3492UU42    100% (83/83)
  https://twitter.com/jacobmendoza_/status/987924...    s
    389A2A304QVBVXZEC28P9XVPPRVC0J    A109CH3492UU42    100% (83/83)
  https://twitter.com/shrutha28/status/9878430403...    n
   389A2A304QVBVXZEC28P9XVPPRVC0J   A1LZWU72K42V92    100% (10/10)
  https://twitter.com/shrutha28/status/9878430403...    n
    389A2A304QVBVXZEC28P9XVPPRVC0J    A7204W9E8IR1R   100% (119/119)
  https://twitter.com/shrutha28/status/9878430403...    y
    38B7Q9C28II4BAEQ27EFG848W9E960    A2S96ZZ70YFPSK    100% (2/2)
  https://twitter.com/Squirtz_Loads/status/987627...    y
    38B7Q9C28II4BAEQ27EFG848W9E960    A362CV8OOYJA6W    100% (85/85)
  https://twitter.com/Squirtz_Loads/status/987627...    n
    38B7Q9C28II4BAEQ27EFG848W9E960    A7204W9E8IR1R   100% (119/119)
  https://twitter.com/Squirtz_Loads/status/987627...    y
    38DCH97KHJFMR4AJ3SJQB7Z2SF2JQ2    A109CH3492UU42    100% (83/83)
  https://twitter.com/MarinaMilton/status/9868247...    n
    38DCH97KHJFMR4AJ3SJQB7Z2SF2JQ2    A7204W9E8IR1R   100% (119/119)
  https://twitter.com/MarinaMilton/status/9868247...    y
    38DCH97KHJFMR4AJ3SJQB7Z2SF2JQ2    A252Z0ZJ7PF59Q    100% (23/23)
  https://twitter.com/MarinaMilton/status/9868247...    y
    3909MD9T21UHPZYIBBX52SIWG5XEFI    A362CV8OOYJA6W    100% (85/85)
  https://twitter.com/eddieonballoons/status/9876...    y
    3909MD9T21UHPZYIBBX52SIWG5XEFI    A7204W9E8IR1R   100% (119/119)
  https://twitter.com/eddieonballoons/status/9876...    y
    3909MD9T21UHPZYIBBX52SIWG5XEFI    A252Z0ZJ7PF59Q    100% (23/23)
  https://twitter.com/eddieonballoons/status/9876...    n
    39I4RL8QGLUJBTSVHV9SWRIIJVGH4D    A7204W9E8IR1R   100% (119/119)
  https://twitter.com/AllofCaitlin/status/9876354...    y
    39I4RL8QGLUJBTSVHV9SWRIIJVGH4D    A362CV8OOYJA6W    100% (85/85)
  https://twitter.com/AllofCaitlin/status/9876354...    y
    39I4RL8QGLUJBTSVHV9SWRIIJVGH4D    A109CH3492UU42    100% (83/83)
  https://twitter.com/AllofCaitlin/status/9876354...    n
    39N6W9XWRF0L94B4MWFHRGAOZW1YGF    A109CH3492UU42    100% (83/83)
  https://twitter.com/DetroitInsight/status/98680...    y
    39N6W9XWRF0L94B4MWFHRGAOZW1YGF    A362CV8OOYJA6W    100% (85/85)
  https://twitter.com/DetroitInsight/status/98680...    y
    39N6W9XWRF0L94B4MWFHRGAOZW1YGF    A7204W9E8IR1R   100% (119/119)
  https://twitter.com/DetroitInsight/status/98680...    y
    39N6W9XWRF0L94B4MWFHRGAOZW2GYY    A7204W9E8IR1R   100% (119/119)
  https://twitter.com/Tomjme912/status/9864005643...    y
    39N6W9XWRF0L94B4MWFHRGAOZW2GYY    A362CV8OOYJA6W    100% (85/85)
  https://twitter.com/Tomjme912/status/9864005643...    n
    39N6W9XWRF0L94B4MWFHRGAOZW2GYY    A109CH3492UU42    100% (83/83)
  https://twitter.com/Tomjme912/status/9864005643...    n
    3A520CCNWPDMT8HA0VBDOR75JPKEA5    A362CV8OOYJA6W    100% (85/85)
  https://twitter.com/TheDaleJT/status/9870001968...    n
    3A520CCNWPDMT8HA0VBDOR75JPKEA5    A109CH3492UU42    100% (83/83)
  https://twitter.com/TheDaleJT/status/9870001968...    y
    3A520CCNWPDMT8HA0VBDOR75JPKEA5    A7204W9E8IR1R   100% (119/119)
  https://twitter.com/TheDaleJT/status/9870001968...    y
    3AA88CN98RGQBQ7NCN0WP82H6DIYKI    A7204W9E8IR1R   100% (119/119)
  https://twitter.com/xparisxgirlx/status/9878890...    y
    3AA88CN98RGQBQ7NCN0WP82H6DIYKI    A109CH3492UU42    100% (83/83)
  https://twitter.com/xparisxgirlx/status/9878890...    y
    3AA88CN98RGQBQ7NCN0WP82H6DIYKI    A362CV8OOYJA6W    100% (85/85)
  https://twitter.com/xparisxgirlx/status/9878890...    n
    3ACRLU860PRRCIM269B9J2RB175EB0    A7204W9E8IR1R   100% (119/119)
  https://twitter.com/Thewastedirish/status/98706...    y
    3ACRLU860PRRCIM269B9J2RB175EB0    A109CH3492UU42    100% (83/83)
  https://twitter.com/Thewastedirish/status/98706...    y
    3ACRLU860PRRCIM269B9J2RB175EB0    A362CV8OOYJA6W    100% (85/85)
  https://twitter.com/Thewastedirish/status/98706...    n
    3ATYLI1PRVFJ6SX3OFRMM242DEKJOU    A362CV8OOYJA6W    100% (85/85)
  https://twitter.com/colby_beck10/status/9865888...    y
    3ATYLI1PRVFJ6SX3OFRMM242DEKJOU    A7204W9E8IR1R   100% (119/119)
  https://twitter.com/colby_beck10/status/9865888...    y
    3ATYLI1PRVFJ6SX3OFRMM242DEKJOU    A1Y3PSVSU557SW    100% (14/14)
  https://twitter.com/colby_beck10/status/9865888...    n
    3BPP3MA3TEX3PR8EXM03X5NGD1JELN    A362CV8OOYJA6W    100% (85/85)
  https://twitter.com/sarahh19291/status/98860023...    n
    3BPP3MA3TEX3PR8EXM03X5NGD1JELN    A109CH3492UU42    100% (83/83)
  https://twitter.com/sarahh19291/status/98860023...    y
    3BPP3MA3TEX3PR8EXM03X5NGD1JELN    A7204W9E8IR1R   100% (119/119)
  https://twitter.com/sarahh19291/status/98860023...    y
    3CVBMEMMXDTGUGAEJT7ZZ32SAX6H7X    A362CV8OOYJA6W    100% (85/85)
  https://twitter.com/Paws675/status/987855082774...    n
    3CVBMEMMXDTGUGAEJT7ZZ32SAX6H7X    A7204W9E8IR1R   100% (119/119)
  https://twitter.com/Paws675/status/987855082774...    y
    3CVBMEMMXDTGUGAEJT7ZZ32SAX6H7X    A3BBDCU69807T2    100% (8/8)
  https://twitter.com/Paws675/status/987855082774...    y
    3CZH926SIER7RJ1TRU1MBOL5RFO4EK    A109CH3492UU42    100% (83/83)
  https://twitter.com/KitEnCaboodle/status/989245...    n
    3CZH926SIER7RJ1TRU1MBOL5RFO4EK    A2C0QNEIOSKAV5    100% (7/7)
  https://twitter.com/KitEnCaboodle/status/989245...    y
    3CZH926SIER7RJ1TRU1MBOL5RFO4EK    A7204W9E8IR1R   100% (119/119)
  https://twitter.com/KitEnCaboodle/status/989245...    s
    3D0LPO3EADC91HS2AFSPWPJQQISYO2    A252Z0ZJ7PF59Q    100% (23/23)
  https://twitter.com/colledge/status/98814211492...    y
    3D0LPO3EADC91HS2AFSPWPJQQISYO2    A7204W9E8IR1R   100% (119/119)
  https://twitter.com/colledge/status/98814211492...    y
    3D0LPO3EADC91HS2AFSPWPJQQISYO2    A109CH3492UU42    100% (83/83)
  https://twitter.com/colledge/status/98814211492...    y
    3D42WVSDHA8FV4F9BC9Z9VACYH1YFG    A109CH3492UU42    100% (83/83)
  https://twitter.com/FitHendy21/status/986674326...    n
    3D42WVSDHA8FV4F9BC9Z9VACYH1YFG    A7204W9E8IR1R   100% (119/119)
  https://twitter.com/FitHendy21/status/986674326...    y
    3D42WVSDHA8FV4F9BC9Z9VACYH1YFG    A362CV8OOYJA6W    100% (85/85)
  https://twitter.com/FitHendy21/status/986674326...    n
    3D4BBDG7ZJ97CPYBVPQ8BVTWS3FC3E    A362CV8OOYJA6W    100% (85/85)
  https://twitter.com/golfermasters/status/988879...    n
    3D4BBDG7ZJ97CPYBVPQ8BVTWS3FC3E    A252Z0ZJ7PF59Q    100% (23/23)
  https://twitter.com/golfermasters/status/988879...    s
    3D4BBDG7ZJ97CPYBVPQ8BVTWS3FC3E    A7204W9E8IR1R   100% (119/119)
  https://twitter.com/golfermasters/status/988879...    y
    3DFYDSXB2YDEJXH0K13VL8WRV08JU7    A1LZWU72K42V92    100% (10/10)
  https://twitter.com/ChoicesMatter_/status/98737...    n
    3DFYDSXB2YDEJXH0K13VL8WRV08JU7    A362CV8OOYJA6W    100% (85/85)
  https://twitter.com/ChoicesMatter_/status/98737...    n
    3DFYDSXB2YDEJXH0K13VL8WRV08JU7    A7204W9E8IR1R   100% (119/119)
  https://twitter.com/ChoicesMatter_/status/98737...    n
    3EGKVCRQFY5PIN3T6AN3Q5JRJJABYC    A2C0QNEIOSKAV5    100% (7/7)
  https://twitter.com/RoyichiiMagtaos/status/9872...    n
    3EGKVCRQFY5PIN3T6AN3Q5JRJJABYC    A7204W9E8IR1R   100% (119/119)
  https://twitter.com/RoyichiiMagtaos/status/9872...    n
    3EGKVCRQFY5PIN3T6AN3Q5JRJJABYC    A109CH3492UU42    100% (83/83)
  https://twitter.com/RoyichiiMagtaos/status/9872...    n
    3EHIMLB7F9CKUUFXTYZ5D3YNLHCH8K    A7204W9E8IR1R   100% (119/119)
  https://twitter.com/claire_quitter/status/98789...    y
    3EHIMLB7F9CKUUFXTYZ5D3YNLHCH8K    A362CV8OOYJA6W    100% (85/85)
  https://twitter.com/claire_quitter/status/98789...    y
    3EHIMLB7F9CKUUFXTYZ5D3YNLHCH8K    A252Z0ZJ7PF59Q    100% (23/23)
  https://twitter.com/claire_quitter/status/98789...    y
    3EHVO81VN7Y2JUVCUDQQYTBF7B6H10    A362CV8OOYJA6W    100% (85/85)
  https://twitter.com/CamiLesbian_57/status/98708...    n
    3EHVO81VN7Y2JUVCUDQQYTBF7B6H10    A7204W9E8IR1R   100% (119/119)
  https://twitter.com/CamiLesbian_57/status/98708...    y
    3EHVO81VN7Y2JUVCUDQQYTBF7B6H10    A3O1I9MATO3ZZN    100% (3/3)
  https://twitter.com/CamiLesbian_57/status/98708...    y
    3EKZL9T8YAZM6X5AAAFAFPU6B8XHCQ    A252Z0ZJ7PF59Q    100% (23/23)
  https://twitter.com/laclochesonne/status/989978...    y
    3EKZL9T8YAZM6X5AAAFAFPU6B8XHCQ    A362CV8OOYJA6W    100% (85/85)
  https://twitter.com/laclochesonne/status/989978...    n
    3EKZL9T8YAZM6X5AAAFAFPU6B8XHCQ    A7204W9E8IR1R   100% (119/119)
  https://twitter.com/laclochesonne/status/989978...    y
    3EQPA8A3769V5WBAQO2320B6XINJZW    A3O1I9MATO3ZZN    100% (3/3)
  https://twitter.com/TommyJones69/status/9886786...    y
    3EQPA8A3769V5WBAQO2320B6XINJZW    A7204W9E8IR1R   100% (119/119)
  https://twitter.com/TommyJones69/status/9886786...    y
    3EQPA8A3769V5WBAQO2320B6XINJZW    A362CV8OOYJA6W    100% (85/85)
  https://twitter.com/TommyJones69/status/9886786...    n
    3F6045TU7F1RTTGO0EHR0IVAMAM99B    A109CH3492UU42    100% (83/83)
  https://twitter.com/carrie98765/status/98786338...    y
    3F6045TU7F1RTTGO0EHR0IVAMAM99B    A362CV8OOYJA6W    100% (85/85)
  https://twitter.com/carrie98765/status/98786338...    n
    3F6045TU7F1RTTGO0EHR0IVAMAM99B    A7204W9E8IR1R   100% (119/119)
  https://twitter.com/carrie98765/status/98786338...    y
    3FJ2RVH251JGT9VPF52CQVNWG4C92J    A7204W9E8IR1R   100% (119/119)
  https://twitter.com/NotAPrecourt/status/9870283...    y
    3FJ2RVH251JGT9VPF52CQVNWG4C92J    A362CV8OOYJA6W    100% (85/85)
  https://twitter.com/NotAPrecourt/status/9870283...    y
    3FJ2RVH251JGT9VPF52CQVNWG4C92J    A2C0QNEIOSKAV5    100% (7/7)
  https://twitter.com/NotAPrecourt/status/9870283...    n
    3FTID4TN8NB1VWP5XNCX48FWVDNYLL    A3BBDCU69807T2    100% (8/8)
  https://twitter.com/travie_quinn/status/9879347...    n
    3FTID4TN8NB1VWP5XNCX48FWVDNYLL    A7204W9E8IR1R   100% (119/119)
  https://twitter.com/travie_quinn/status/9879347...    y
    3FTID4TN8NB1VWP5XNCX48FWVDNYLL    A362CV8OOYJA6W    100% (85/85)
  https://twitter.com/travie_quinn/status/9879347...    n
    3FVBZG9CLLR2C5AUYUMQKOS52J0H0X    A7204W9E8IR1R   100% (119/119)
  https://twitter.com/shivgraham/status/987070637...    s
    3FVBZG9CLLR2C5AUYUMQKOS52J0H0X    A362CV8OOYJA6W    100% (85/85)
  https://twitter.com/shivgraham/status/987070637...    n
    3FVBZG9CLLR2C5AUYUMQKOS52J0H0X    A2OXE5D9A7KSGW    100% (1/1)
  https://twitter.com/shivgraham/status/987070637...    s
    3GS542CVJX08S6ECXO4AO2Q80E395K    A362CV8OOYJA6W    100% (85/85)
  https://twitter.com/punkdrunkfuck/status/987521...    y
    3GS542CVJX08S6ECXO4AO2Q80E395K    A109CH3492UU42    100% (83/83)
  https://twitter.com/punkdrunkfuck/status/987521...    y
    3GS542CVJX08S6ECXO4AO2Q80E395K    A7204W9E8IR1R   100% (119/119)
  https://twitter.com/punkdrunkfuck/status/987521...    y
    3GV1I4SEOB2ZCCFZR4H5LHV3W3VL69    A109CH3492UU42    100% (83/83)
  https://twitter.com/claire_quitter/status/98789...    y
    3GV1I4SEOB2ZCCFZR4H5LHV3W3VL69    A362CV8OOYJA6W    100% (85/85)
  https://twitter.com/claire_quitter/status/98789...    y
    3GV1I4SEOB2ZCCFZR4H5LHV3W3VL69    A7204W9E8IR1R   100% (119/119)
  https://twitter.com/claire_quitter/status/98789...    y
    3H1C3QRA03WAMNE8K974UMXTJS5EC7    A252Z0ZJ7PF59Q    100% (23/23)
  https://twitter.com/_triple_ob/status/987193103...    y
    3H1C3QRA03WAMNE8K974UMXTJS5EC7    A109CH3492UU42    100% (83/83)
  https://twitter.com/_triple_ob/status/987193103...    y
    3H1C3QRA03WAMNE8K974UMXTJS5EC7    A7204W9E8IR1R   100% (119/119)
  https://twitter.com/_triple_ob/status/987193103...    y
    3HKIF5DF60A6833WEKN1SZHXQNH9G2    A109CH3492UU42    100% (83/83)
  https://twitter.com/ilivetowrite16/status/98919...    y
    3HKIF5DF60A6833WEKN1SZHXQNH9G2    A362CV8OOYJA6W    100% (85/85)
  https://twitter.com/ilivetowrite16/status/98919...    y
    3HKIF5DF60A6833WEKN1SZHXQNH9G2    A7204W9E8IR1R   100% (119/119)
  https://twitter.com/ilivetowrite16/status/98919...    y
    3I4E7AFQ2MCZJK2BKWDLGCAPCM1JTG    A7204W9E8IR1R   100% (119/119)
  https://twitter.com/DreGmoney/status/9872066554...    s
    3I4E7AFQ2MCZJK2BKWDLGCAPCM1JTG    A109CH3492UU42    100% (83/83)
  https://twitter.com/DreGmoney/status/9872066554...    s
    3I4E7AFQ2MCZJK2BKWDLGCAPCM1JTG    A362CV8OOYJA6W    100% (85/85)
  https://twitter.com/DreGmoney/status/9872066554...    n
    3I7KR83SNCQBAPZF4B8GQR9QX4Y9K5    A109CH3492UU42    100% (83/83)
  https://twitter.com/Stuey_85/status/99000162733...    y
    3I7KR83SNCQBAPZF4B8GQR9QX4Y9K5    A362CV8OOYJA6W    100% (85/85)
  https://twitter.com/Stuey_85/status/99000162733...    n
    3I7KR83SNCQBAPZF4B8GQR9QX4Y9K5    A7204W9E8IR1R   100% (119/119)
  https://twitter.com/Stuey_85/status/99000162733...    y
    3IH9TRB0FDC2FP6W0V8BY5CU7OL1ID    A362CV8OOYJA6W    100% (85/85)
  https://twitter.com/K4YC3E/status/9866423590132...    n
    3IH9TRB0FDC2FP6W0V8BY5CU7OL1ID    A7204W9E8IR1R   100% (119/119)
  https://twitter.com/K4YC3E/status/9866423590132...    s
   3IH9TRB0FDC2FP6W0V8BY5CU7OL1ID   A109CH3492UU42    100% (83/83)
  https://twitter.com/K4YC3E/status/9866423590132...    s
    3INZSNUD8233WJT5CUMTMEE0DV19DS    A7204W9E8IR1R   100% (119/119)
  https://twitter.com/FRHYSB/status/9885802230285...    y
    3INZSNUD8233WJT5CUMTMEE0DV19DS    A109CH3492UU42    100% (83/83)
  https://twitter.com/FRHYSB/status/9885802230285...    n
    3INZSNUD8233WJT5CUMTMEE0DV19DS    A252Z0ZJ7PF59Q    100% (23/23)
  https://twitter.com/FRHYSB/status/9885802230285...    n
    3IVEC1GSLRCYA0Q2IDTBA6RUK3A1JP    A2S96ZZ70YFPSK    100% (2/2)
  https://twitter.com/StuckInABocks/status/986840...    y
    3IVEC1GSLRCYA0Q2IDTBA6RUK3A1JP    A7204W9E8IR1R   100% (119/119)
  https://twitter.com/StuckInABocks/status/986840...    y
    3IVEC1GSLRCYA0Q2IDTBA6RUK3A1JP    A3BBDCU69807T2    100% (8/8)
  https://twitter.com/StuckInABocks/status/986840...    y
    3JTPR5MTZUPS92X31LVZEB4OB8FK5P    A109CH3492UU42    100% (83/83)
  https://twitter.com/DeardebG/status/98927999586...    n
    3JTPR5MTZUPS92X31LVZEB4OB8FK5P    A252Z0ZJ7PF59Q    100% (23/23)
  https://twitter.com/DeardebG/status/98927999586...    y
    3JTPR5MTZUPS92X31LVZEB4OB8FK5P    A7204W9E8IR1R   100% (119/119)
  https://twitter.com/DeardebG/status/98927999586...    y
    3KQC8JMJGE5YTX9RHH49MMQC5VKH3S    A362CV8OOYJA6W    100% (85/85)
  https://twitter.com/ChunkyHilda/status/98757694...    y
    3KQC8JMJGE5YTX9RHH49MMQC5VKH3S    A252Z0ZJ7PF59Q    100% (23/23)
  https://twitter.com/ChunkyHilda/status/98757694...    n
    3KQC8JMJGE5YTX9RHH49MMQC5VKH3S    A7204W9E8IR1R   100% (119/119)
  https://twitter.com/ChunkyHilda/status/98757694...    y
    3KTCJ4SCVIEOB8WNLA63QYJBOX51MT    A7204W9E8IR1R   100% (119/119)
  https://twitter.com/u_boot/status/9872656334223...    s
    3KTCJ4SCVIEOB8WNLA63QYJBOX51MT    A252Z0ZJ7PF59Q    100% (23/23)
  https://twitter.com/u_boot/status/9872656334223...    y
    3KTCJ4SCVIEOB8WNLA63QYJBOX51MT    A109CH3492UU42    100% (83/83)
  https://twitter.com/u_boot/status/9872656334223...    n
    3L1EFR8WWVI0U37130HJAEHLP8H9F3    A7204W9E8IR1R   100% (119/119)
  https://twitter.com/bananabrainss/status/988986...    y
    3L1EFR8WWVI0U37130HJAEHLP8H9F3    A109CH3492UU42    100% (83/83)
  https://twitter.com/bananabrainss/status/988986...    n
    3L1EFR8WWVI0U37130HJAEHLP8H9F3    A362CV8OOYJA6W    100% (85/85)
  https://twitter.com/bananabrainss/status/988986...    n
    3LAZVA75NK4J0WZVHULUNLILB3YO2C    A252Z0ZJ7PF59Q    100% (23/23)
  https://twitter.com/Queerlove212/status/9899541...    n
    3LAZVA75NK4J0WZVHULUNLILB3YO2C    A109CH3492UU42    100% (83/83)
  https://twitter.com/Queerlove212/status/9899541...    n
    3LAZVA75NK4J0WZVHULUNLILB3YO2C    A3BBDCU69807T2    100% (8/8)
  https://twitter.com/Queerlove212/status/9899541...    y
    3M67TQBQQJ15YCQTSKVRWD6USS49AQ    A109CH3492UU42    100% (83/83)
  https://twitter.com/goofyduckling37/status/9879...    y
    3M67TQBQQJ15YCQTSKVRWD6USS49AQ    A7204W9E8IR1R   100% (119/119)
  https://twitter.com/goofyduckling37/status/9879...    y
    3M67TQBQQJ15YCQTSKVRWD6USS49AQ    A362CV8OOYJA6W    100% (85/85)
  https://twitter.com/goofyduckling37/status/9879...    n
    3M7OI89LV01698LTERO6IY5G2UHC6K    A362CV8OOYJA6W    100% (85/85)
  https://twitter.com/boobious76/status/989763413...    y
    3M7OI89LV01698LTERO6IY5G2UHC6K    A109CH3492UU42    100% (83/83)
  https://twitter.com/boobious76/status/989763413...    y
    3M7OI89LV01698LTERO6IY5G2UHC6K    A7204W9E8IR1R   100% (119/119)
  https://twitter.com/boobious76/status/989763413...    y
    3M93N4X8HM0Y4KPWVW8V67E3A3NJSR    A109CH3492UU42    100% (83/83)
  https://twitter.com/aquariusluv17/status/987163...    n
    3M93N4X8HM0Y4KPWVW8V67E3A3NJSR    A362CV8OOYJA6W    100% (85/85)
  https://twitter.com/aquariusluv17/status/987163...    y
    3M93N4X8HM0Y4KPWVW8V67E3A3NJSR    A7204W9E8IR1R   100% (119/119)
  https://twitter.com/aquariusluv17/status/987163...    y
    3MDWE879UJFAHMVLYYVNROQ0AAP9BL    A7204W9E8IR1R   100% (119/119)
  https://twitter.com/Seizure_kun/status/98802635...    y
    3MDWE879UJFAHMVLYYVNROQ0AAP9BL    A362CV8OOYJA6W    100% (85/85)
  https://twitter.com/Seizure_kun/status/98802635...    n
    3MDWE879UJFAHMVLYYVNROQ0AAP9BL    A1LZWU72K42V92    100% (10/10)
  https://twitter.com/Seizure_kun/status/98802635...    n
    3NQUW096N8LMUVHXPBKH5RM5M439L8    A7204W9E8IR1R   100% (119/119)
  https://twitter.com/timspace09/status/989876660...    y
    3NQUW096N8LMUVHXPBKH5RM5M439L8    A109CH3492UU42    100% (83/83)
  https://twitter.com/timspace09/status/989876660...    n
    3NQUW096N8LMUVHXPBKH5RM5M439L8    A1Y3PSVSU557SW    100% (14/14)
  https://twitter.com/timspace09/status/989876660...    n
    3NQUW096N8LMUVHXPBKH5RM5M43L9K    A7204W9E8IR1R   100% (119/119)
  https://twitter.com/B_MBBFP/status/989498732965...    y
    3NQUW096N8LMUVHXPBKH5RM5M43L9K    A362CV8OOYJA6W    100% (85/85)
  https://twitter.com/B_MBBFP/status/989498732965...    n
    3NQUW096N8LMUVHXPBKH5RM5M43L9K    A3BBDCU69807T2    100% (8/8)
  https://twitter.com/B_MBBFP/status/989498732965...    y
    3O0M2G5VC8FQWNACJJL0JAKU0I849A    A7204W9E8IR1R   100% (119/119)
  https://twitter.com/cole_hazeltine/status/98700...    s
    3O0M2G5VC8FQWNACJJL0JAKU0I849A    A109CH3492UU42    100% (83/83)
  https://twitter.com/cole_hazeltine/status/98700...    s
    3O0M2G5VC8FQWNACJJL0JAKU0I849A    A362CV8OOYJA6W    100% (85/85)
  https://twitter.com/cole_hazeltine/status/98700...    n
    3O0M2G5VC8FQWNACJJL0JAKU0I894F    A109CH3492UU42    100% (83/83)
  https://twitter.com/HananPruitt/status/98712300...    n
    3O0M2G5VC8FQWNACJJL0JAKU0I894F    A362CV8OOYJA6W    100% (85/85)
  https://twitter.com/HananPruitt/status/98712300...    n
    3O0M2G5VC8FQWNACJJL0JAKU0I894F    A7204W9E8IR1R   100% (119/119)
  https://twitter.com/HananPruitt/status/98712300...    y
    3OCZWXS7ZQK3T8FLML70TBH308KL5T    A7204W9E8IR1R   100% (119/119)
  https://twitter.com/MistressOlive96/status/9875...    y
    3OCZWXS7ZQK3T8FLML70TBH308KL5T    A109CH3492UU42    100% (83/83)
  https://twitter.com/MistressOlive96/status/9875...    y
    3OCZWXS7ZQK3T8FLML70TBH308KL5T    A362CV8OOYJA6W    100% (85/85)
  https://twitter.com/MistressOlive96/status/9875...    n
    3OND0WXMHYS13VPO61L55DU9WKAEHG    A7204W9E8IR1R   100% (119/119)
  https://twitter.com/funkyj/status/9878723747280...    y
    3OND0WXMHYS13VPO61L55DU9WKAEHG    A109CH3492UU42    100% (83/83)
  https://twitter.com/funkyj/status/9878723747280...    n
    3OND0WXMHYS13VPO61L55DU9WKAEHG    A362CV8OOYJA6W    100% (85/85)
  https://twitter.com/funkyj/status/9878723747280...    y
    3OZ4VAIBEZSEWC60PRD0HUYA97HJVW    A109CH3492UU42    100% (83/83)
  https://twitter.com/CraigIawton/status/98748532...    y
    3OZ4VAIBEZSEWC60PRD0HUYA97HJVW    A7204W9E8IR1R   100% (119/119)
  https://twitter.com/CraigIawton/status/98748532...    y
    3OZ4VAIBEZSEWC60PRD0HUYA97HJVW    A362CV8OOYJA6W    100% (85/85)
  https://twitter.com/CraigIawton/status/98748532...    n
    3QGHA0EA0LDLTI8TR95F58YB8BABWD    A109CH3492UU42    100% (83/83)
  https://twitter.com/KnickCarraway/status/986763...    n
    3QGHA0EA0LDLTI8TR95F58YB8BABWD    A7204W9E8IR1R   100% (119/119)
  https://twitter.com/KnickCarraway/status/986763...    n
    3QGHA0EA0LDLTI8TR95F58YB8BABWD    A362CV8OOYJA6W    100% (85/85)
  https://twitter.com/KnickCarraway/status/986763...    n
    3QQUBC64ZGR2JR2G446AYMCCY2UNX7    A109CH3492UU42    100% (83/83)
  https://twitter.com/julianna12369/status/987862...    n
    3QQUBC64ZGR2JR2G446AYMCCY2UNX7    A362CV8OOYJA6W    100% (85/85)
  https://twitter.com/julianna12369/status/987862...    n
    3QQUBC64ZGR2JR2G446AYMCCY2UNX7    A7204W9E8IR1R   100% (119/119)
  https://twitter.com/julianna12369/status/987862...    s
    3QTFNPMJC8VROM2V5MUVV7SN62SNZ4    A109CH3492UU42    100% (83/83)
  https://twitter.com/The_Ausmerican/status/98912...    y
    3QTFNPMJC8VROM2V5MUVV7SN62SNZ4    A362CV8OOYJA6W    100% (85/85)
  https://twitter.com/The_Ausmerican/status/98912...    y
    3QTFNPMJC8VROM2V5MUVV7SN62SNZ4    A7204W9E8IR1R   100% (119/119)
  https://twitter.com/The_Ausmerican/status/98912...    y
    3R4QIDVOJRPPJLYMG0DZKAXW44IEE0    A109CH3492UU42    100% (83/83)
  https://twitter.com/tretreez/status/98753101223...    n
    3R4QIDVOJRPPJLYMG0DZKAXW44IEE0    A7204W9E8IR1R   100% (119/119)
  https://twitter.com/tretreez/status/98753101223...    y
    3R4QIDVOJRPPJLYMG0DZKAXW44IEE0    A362CV8OOYJA6W    100% (85/85)
  https://twitter.com/tretreez/status/98753101223...    n
    3R868ACW4UPLEUL9IIH05NJQ5Q6GZP    A109CH3492UU42    100% (83/83)
  https://twitter.com/Aamazon1/status/98651075290...    s
    3R868ACW4UPLEUL9IIH05NJQ5Q6GZP    A7204W9E8IR1R   100% (119/119)
  https://twitter.com/Aamazon1/status/98651075290...    s
    3R868ACW4UPLEUL9IIH05NJQ5Q6GZP    A362CV8OOYJA6W    100% (85/85)
  https://twitter.com/Aamazon1/status/98651075290...    n
    3RDTX9JRT0ENFASVLHJ7MM44RKY97Z    A362CV8OOYJA6W    100% (85/85)
  https://twitter.com/ChoicesMatter_/status/98774...    n
    3RDTX9JRT0ENFASVLHJ7MM44RKY97Z    A7204W9E8IR1R   100% (119/119)
  https://twitter.com/ChoicesMatter_/status/98774...    n
    3RDTX9JRT0ENFASVLHJ7MM44RKY97Z    A109CH3492UU42    100% (83/83)
  https://twitter.com/ChoicesMatter_/status/98774...    n
    3RHLQY6EDVH2ZDNTVZQ2563KR3N4DR    A109CH3492UU42    100% (83/83)
  https://twitter.com/gribble006/status/989180149...    y
    3RHLQY6EDVH2ZDNTVZQ2563KR3N4DR    A7204W9E8IR1R   100% (119/119)
  https://twitter.com/gribble006/status/989180149...    y
    3RHLQY6EDVH2ZDNTVZQ2563KR3N4DR    A362CV8OOYJA6W    100% (85/85)
  https://twitter.com/gribble006/status/989180149...    n
    3S1WOPCJFI6XU1KEU1OQHQAO9CEEJL    A109CH3492UU42    100% (83/83)
  https://twitter.com/andrewmcn11/status/98818402...    n
    3S1WOPCJFI6XU1KEU1OQHQAO9CEEJL    A362CV8OOYJA6W    100% (85/85)
  https://twitter.com/andrewmcn11/status/98818402...    y
    3S1WOPCJFI6XU1KEU1OQHQAO9CEEJL    A7204W9E8IR1R   100% (119/119)
  https://twitter.com/andrewmcn11/status/98818402...    y
    3SNR5F7R9461ZQ08CJ3Q5PVOWXPEI9    A109CH3492UU42    100% (83/83)
  https://twitter.com/Heeather12/status/987907016...    y
    3SNR5F7R9461ZQ08CJ3Q5PVOWXPEI9    A7204W9E8IR1R   100% (119/119)
  https://twitter.com/Heeather12/status/987907016...    y
    3SNR5F7R9461ZQ08CJ3Q5PVOWXPEI9    A1Y3PSVSU557SW    100% (14/14)
  https://twitter.com/Heeather12/status/987907016...    y
    3SR6AEG6W76Z906F62XZCGMPEWEYHE    A7204W9E8IR1R   100% (119/119)
  https://twitter.com/StevieFortune/status/987316...    y
    3SR6AEG6W76Z906F62XZCGMPEWEYHE    A252Z0ZJ7PF59Q    100% (23/23)
  https://twitter.com/StevieFortune/status/987316...    n
    3SR6AEG6W76Z906F62XZCGMPEWEYHE    A362CV8OOYJA6W    100% (85/85)
  https://twitter.com/StevieFortune/status/987316...    n
    3T2HW4QDUXKTRRNRCYRI28WISVP9CS    A109CH3492UU42    100% (83/83)
  https://twitter.com/ChaseBarger/status/98826396...    n
    3T2HW4QDUXKTRRNRCYRI28WISVP9CS    A362CV8OOYJA6W    100% (85/85)
  https://twitter.com/ChaseBarger/status/98826396...    n
    3T2HW4QDUXKTRRNRCYRI28WISVP9CS    A7204W9E8IR1R   100% (119/119)
  https://twitter.com/ChaseBarger/status/98826396...    y
    3TFJJUELSJ2IR72SRPC3SLO4MPFC23    A109CH3492UU42    100% (83/83)
  https://twitter.com/LolaG_/status/9882806706307...    y
    3TFJJUELSJ2IR72SRPC3SLO4MPFC23    A362CV8OOYJA6W    100% (85/85)
  https://twitter.com/LolaG_/status/9882806706307...    n
    3TFJJUELSJ2IR72SRPC3SLO4MPFC23    A7204W9E8IR1R   100% (119/119)
  https://twitter.com/LolaG_/status/9882806706307...    y
    3TTPFEFXCVXXQGW90J27TP2WFMMH6Y    A7204W9E8IR1R   100% (119/119)
  https://twitter.com/thesuperjaps/status/9877558...    y
    3TTPFEFXCVXXQGW90J27TP2WFMMH6Y    A1LZWU72K42V92    100% (10/10)
  https://twitter.com/thesuperjaps/status/9877558...    n
    3TTPFEFXCVXXQGW90J27TP2WFMMH6Y    A362CV8OOYJA6W    100% (85/85)
  https://twitter.com/thesuperjaps/status/9877558...    n
    3TZ0XG8CBWXRFOXEVMBD0M0Z24498M    A7204W9E8IR1R   100% (119/119)
  https://twitter.com/shannineayisha/status/98781...    y
    3TZ0XG8CBWXRFOXEVMBD0M0Z24498M    A362CV8OOYJA6W    100% (85/85)
  https://twitter.com/shannineayisha/status/98781...    y
    3TZ0XG8CBWXRFOXEVMBD0M0Z24498M    A10LQ8RUWDUI5U    100% (1/1)
  https://twitter.com/shannineayisha/status/98781...    y
    3TZDZ3Y0JUJ94ODTW12YLCDROYY912    A7204W9E8IR1R   100% (119/119)
  https://twitter.com/Jasmin_Belle/status/9864557...    y
    3TZDZ3Y0JUJ94ODTW12YLCDROYY912    A1LZWU72K42V92    100% (10/10)
  https://twitter.com/Jasmin_Belle/status/9864557...    n
    3TZDZ3Y0JUJ94ODTW12YLCDROYY912    A109CH3492UU42    100% (83/83)
  https://twitter.com/Jasmin_Belle/status/9864557...    n
    3UDTAB6HH8C9XZSB0IYY77UHJ6S90Z    A252Z0ZJ7PF59Q    100% (23/23)
  https://twitter.com/LycanLeopard/status/9864613...    n
    3UDTAB6HH8C9XZSB0IYY77UHJ6S90Z    A7204W9E8IR1R   100% (119/119)
  https://twitter.com/LycanLeopard/status/9864613...    y
    3UDTAB6HH8C9XZSB0IYY77UHJ6S90Z    A362CV8OOYJA6W    100% (85/85)
  https://twitter.com/LycanLeopard/status/9864613...    n
    3UOMW19E6FJAQ4LF98E1QSRG6Z6C54    A252Z0ZJ7PF59Q    100% (23/23)
  https://twitter.com/RATMATAZZGAMING/status/9893...    n
    3UOMW19E6FJAQ4LF98E1QSRG6Z6C54    A1LZWU72K42V92    100% (10/10)
  https://twitter.com/RATMATAZZGAMING/status/9893...    y
    3UOMW19E6FJAQ4LF98E1QSRG6Z6C54    A7204W9E8IR1R   100% (119/119)
  https://twitter.com/RATMATAZZGAMING/status/9893...    n
    3UQ1LLR26CL0ZER2HHYH1MXPSMLLAZ    A252Z0ZJ7PF59Q    100% (23/23)
  https://twitter.com/callme_jc/status/9900051609...    n
    3UQ1LLR26CL0ZER2HHYH1MXPSMLLAZ    A7204W9E8IR1R   100% (119/119)
  https://twitter.com/callme_jc/status/9900051609...    y
    3UQ1LLR26CL0ZER2HHYH1MXPSMLLAZ    A1Y3PSVSU557SW    100% (14/14)
  https://twitter.com/callme_jc/status/9900051609...    n
    3UV0D2KX1OWZXX1PM5LST6653G34F2    A1LZWU72K42V92    100% (10/10)
  https://twitter.com/lesjjvids/status/9899594187...    y
    3UV0D2KX1OWZXX1PM5LST6653G34F2    A109CH3492UU42    100% (83/83)
  https://twitter.com/lesjjvids/status/9899594187...    y
    3UV0D2KX1OWZXX1PM5LST6653G34F2    A7204W9E8IR1R   100% (119/119)
  https://twitter.com/lesjjvids/status/9899594187...    y
    3UY4PIS8QTYUTQHNXBL33D8BTNF1NT    A7204W9E8IR1R   100% (119/119)
  https://twitter.com/Katiescar334/status/9876103...    y
    3UY4PIS8QTYUTQHNXBL33D8BTNF1NT    A3O1I9MATO3ZZN    100% (3/3)
  https://twitter.com/Katiescar334/status/9876103...    y
    3UY4PIS8QTYUTQHNXBL33D8BTNF1NT    A362CV8OOYJA6W    100% (85/85)
  https://twitter.com/Katiescar334/status/9876103...    n
    3UZUVSO3P98NV9QZXY1IXI25D69EMP    A109CH3492UU42    100% (83/83)
  https://twitter.com/remonbrossom/status/9889316...    n
    3UZUVSO3P98NV9QZXY1IXI25D69EMP    A362CV8OOYJA6W    100% (85/85)
  https://twitter.com/remonbrossom/status/9889316...    n
    3UZUVSO3P98NV9QZXY1IXI25D69EMP    A7204W9E8IR1R   100% (119/119)
  https://twitter.com/remonbrossom/status/9889316...    s
    3V0TR1NRVCF416KHBPZ0F5VE60Q4AP    A109CH3492UU42    100% (83/83)
  https://twitter.com/Paws675/status/987844040484...    n
    3V0TR1NRVCF416KHBPZ0F5VE60Q4AP    A1LZWU72K42V92    100% (10/10)
  https://twitter.com/Paws675/status/987844040484...    s
    3V0TR1NRVCF416KHBPZ0F5VE60Q4AP    A7204W9E8IR1R   100% (119/119)
  https://twitter.com/Paws675/status/987844040484...    y
    3V7ICJJAZCT9KGP9H3ZWAGFKOIB4BK    A362CV8OOYJA6W    100% (85/85)
  https://twitter.com/jaclyn_jones/status/9878697...    y
    3V7ICJJAZCT9KGP9H3ZWAGFKOIB4BK    A109CH3492UU42    100% (83/83)
  https://twitter.com/jaclyn_jones/status/9878697...    y
    3V7ICJJAZCT9KGP9H3ZWAGFKOIB4BK    A7204W9E8IR1R   100% (119/119)
  https://twitter.com/jaclyn_jones/status/9878697...    y
    3W0XM68YZR8TLKWK0YTNBLR7ZSA1KO    A7204W9E8IR1R   100% (119/119)
  https://twitter.com/AlecMapa/status/98685295237...    y
    3W0XM68YZR8TLKWK0YTNBLR7ZSA1KO    A362CV8OOYJA6W    100% (85/85)
  https://twitter.com/AlecMapa/status/98685295237...    y
    3W0XM68YZR8TLKWK0YTNBLR7ZSA1KO    A252Z0ZJ7PF59Q    100% (23/23)
  https://twitter.com/AlecMapa/status/98685295237...    y
    3W0XM68YZR8TLKWK0YTNBLR7ZSAK17    A362CV8OOYJA6W    100% (85/85)
  https://twitter.com/Shellie_B129/status/9885825...    n
    3W0XM68YZR8TLKWK0YTNBLR7ZSAK17    A109CH3492UU42    100% (83/83)
  https://twitter.com/Shellie_B129/status/9885825...    n
    3W0XM68YZR8TLKWK0YTNBLR7ZSAK17    A7204W9E8IR1R   100% (119/119)
  https://twitter.com/Shellie_B129/status/9885825...    n
    3W1K7D6QSDUPNDDY2WPM4CSTPDEBZ3    A362CV8OOYJA6W    100% (85/85)
  https://twitter.com/TodClarey/status/9876450556...    y
    3W1K7D6QSDUPNDDY2WPM4CSTPDEBZ3    A7204W9E8IR1R   100% (119/119)
  https://twitter.com/TodClarey/status/9876450556...    s
    3W1K7D6QSDUPNDDY2WPM4CSTPDEBZ3    A3BBDCU69807T2    100% (8/8)
  https://twitter.com/TodClarey/status/9876450556...    n
    3W5PY7V3URKV0615U20KOT24ROIYJJ    A7204W9E8IR1R   100% (119/119)
  https://twitter.com/realThomasDog/status/987824...    y
    3W5PY7V3URKV0615U20KOT24ROIYJJ    A362CV8OOYJA6W    100% (85/85)
  https://twitter.com/realThomasDog/status/987824...    n
    3W5PY7V3URKV0615U20KOT24ROIYJJ    A1Y3PSVSU557SW    100% (14/14)
  https://twitter.com/realThomasDog/status/987824...    n
    3WRKFXQBODKZ5VHZCKFKCSN4E9TYI7    A7204W9E8IR1R   100% (119/119)
  https://twitter.com/LifeInFramePHL/status/98749...    s
    3WRKFXQBODKZ5VHZCKFKCSN4E9TYI7    A1Y3PSVSU557SW    100% (14/14)
  https://twitter.com/LifeInFramePHL/status/98749...    y
    3WRKFXQBODKZ5VHZCKFKCSN4E9TYI7    A362CV8OOYJA6W    100% (85/85)
  https://twitter.com/LifeInFramePHL/status/98749...    n
    3WYZV0QBFLQ0IIDJ1E117RCIHDGBX6    A362CV8OOYJA6W    100% (85/85)
  https://twitter.com/DJWallach77/status/98698976...    n
    3WYZV0QBFLQ0IIDJ1E117RCIHDGBX6    A109CH3492UU42    100% (83/83)
  https://twitter.com/DJWallach77/status/98698976...    n
    3WYZV0QBFLQ0IIDJ1E117RCIHDGBX6    A7204W9E8IR1R   100% (119/119)
  https://twitter.com/DJWallach77/status/98698976...    n
    3XEDXEGFX51TEVB24FPNXG8XU04K04    A109CH3492UU42    100% (83/83)
  https://twitter.com/GoldRunesMalec/status/98894...    n
    3XEDXEGFX51TEVB24FPNXG8XU04K04    A7204W9E8IR1R   100% (119/119)
  https://twitter.com/GoldRunesMalec/status/98894...    y
    3XEDXEGFX51TEVB24FPNXG8XU04K04    A1Y3PSVSU557SW    100% (14/14)
  https://twitter.com/GoldRunesMalec/status/98894...    y
    3Y3N5A7N4IML1E7QXZDC4LULVIDYMN    A252Z0ZJ7PF59Q    100% (23/23)
  https://twitter.com/biggz2014/status/9879525573...    n
    3Y3N5A7N4IML1E7QXZDC4LULVIDYMN    A109CH3492UU42    100% (83/83)
  https://twitter.com/biggz2014/status/9879525573...    s
    3Y3N5A7N4IML1E7QXZDC4LULVIDYMN    A7204W9E8IR1R   100% (119/119)
  https://twitter.com/biggz2014/status/9879525573...    s
    3Z8UJEJOC1Q5ERR8J5GH95SOMIC93U    A109CH3492UU42    100% (83/83)
  https://twitter.com/RightSideOfFunk/status/9870...    n
    3Z8UJEJOC1Q5ERR8J5GH95SOMIC93U    A362CV8OOYJA6W    100% (85/85)
  https://twitter.com/RightSideOfFunk/status/9870...    n
    3Z8UJEJOC1Q5ERR8J5GH95SOMIC93U    A7204W9E8IR1R   100% (119/119)
  https://twitter.com/RightSideOfFunk/status/9870...    y
    3ZQA3IO31D4CBBHZYQLGI28GJXKO1V    A362CV8OOYJA6W    100% (85/85)
  https://twitter.com/TiaisBEAST/status/989397668...    n
    3ZQA3IO31D4CBBHZYQLGI28GJXKO1V    A312KFQ78WB3A4    100% (1/1)
  https://twitter.com/TiaisBEAST/status/989397668...    s
    3ZQA3IO31D4CBBHZYQLGI28GJXKO1V    A7204W9E8IR1R   100% (119/119)
  https://twitter.com/TiaisBEAST/status/989397668...    s
    3ZXNP4Z39TYIGCT4AEMXRVVZREFL78    A7204W9E8IR1R   100% (119/119)
  https://twitter.com/kmejia0/status/988859157980...    y
    3ZXNP4Z39TYIGCT4AEMXRVVZREFL78    A1LZWU72K42V92    100% (10/10)
  https://twitter.com/kmejia0/status/988859157980...    y
    3ZXNP4Z39TYIGCT4AEMXRVVZREFL78    A3BBDCU69807T2    100% (8/8)
  https://twitter.com/kmejia0/status/988859157980...    y