  302OLP89D1L2RKAJ6FE0FIP26WGACA	  A3GUJ6JD25FX7O	  0% (0/0)
  https://twitter.com/chaphead/status/928716072513163269	  y
	  302OLP89D1L2RKAJ6FE0FIP26WGACA	  ATHS9GUME1XCA	  0% (0/0)
  https://twitter.com/chaphead/status/928716072513163269	  y
	  302OLP89D1L2RKAJ6FE0FIP26WGACA	  A3PYEW6693PCHT	  0% (0/0)
  https://twitter.com/chaphead/status/928716072513163269	  y
	  30F94FBDNTYOWBHMYF9MZ39CC01BTP	  A3PYEW6693PCHT	  0% (0/0)
  https://twitter.com/Vmpballer23/status/943755730879856641	  s
	  30F94FBDNTYOWBHMYF9MZ39CC01BTP	  A3GUJ6JD25FX7O	  0% (0/0)
  https://twitter.com/Vmpballer23/status/943755730879856641	  n
	  30F94FBDNTYOWBHMYF9MZ39CC01BTP	  ATHS9GUME1XCA	  0% (0/0)
  https://twitter.com/Vmpballer23/status/943755730879856641	  n
	  30IRMPJWD1XC9Z8O03HKYRRKB9DRKC	  A1S88VQY8G8CNC	  0% (0/0)
  https://twitter.com/Evan_nick94/status/942219897253388288	  n
	  30IRMPJWD1XC9Z8O03HKYRRKB9DRKC	  A16X5FB3HAFCKN	  0% (0/0)
  https://twitter.com/Evan_nick94/status/942219897253388288	  y
	  30IRMPJWD1XC9Z8O03HKYRRKB9DRKC	  A3GUJ6JD25FX7O	  0% (0/0)
  https://twitter.com/Evan_nick94/status/942219897253388288	  n
	  30QQTY5GMMYGUCTLL3NGZX9ICOHU7D	  A3GUJ6JD25FX7O	  0% (0/0)
  https://twitter.com/Boywhospark/status/942102045825347589	  n
	  30QQTY5GMMYGUCTLL3NGZX9ICOHU7D	  ATHS9GUME1XCA	  0% (0/0)
  https://twitter.com/Boywhospark/status/942102045825347589	  n
	  30QQTY5GMMYGUCTLL3NGZX9ICOHU7D	  A16X5FB3HAFCKN	  0% (0/0)
  https://twitter.com/Boywhospark/status/942102045825347589	  y
	  30Y6N4AHYRA4VT2E8MVXUEWUR0GRDZ	  A1GKEEI844CEKI	  0% (0/0)
  https://twitter.com/raiden96/status/889097263162720256	  n
	  30Y6N4AHYRA4VT2E8MVXUEWUR0GRDZ	  A3NND5DLB35WTX	  0% (0/0)
  https://twitter.com/raiden96/status/889097263162720256	  y
	  30Y6N4AHYRA4VT2E8MVXUEWUR0GRDZ	  A3GUJ6JD25FX7O	  0% (0/0)
  https://twitter.com/raiden96/status/889097263162720256	  y
	  3126F2F5FAHOBM0ZRP2SV1E0QUTEPN	  A3GUJ6JD25FX7O	  0% (0/0)
  https://twitter.com/wolverinebruise/status/942540158594961408	  n
	  3126F2F5FAHOBM0ZRP2SV1E0QUTEPN	  ATHS9GUME1XCA	  0% (0/0)
  https://twitter.com/wolverinebruise/status/942540158594961408	  n
	  3126F2F5FAHOBM0ZRP2SV1E0QUTEPN	  A16X5FB3HAFCKN	  0% (0/0)
  https://twitter.com/wolverinebruise/status/942540158594961408	  y
	  31S7M7DAGI409K3YPSYGD65HOUFLTM	  A3PYEW6693PCHT	  0% (0/0)
  https://twitter.com/raiden96/status/843132858277548033	  y
	  31S7M7DAGI409K3YPSYGD65HOUFLTM	  A1O4TRWZO664V3	  0% (0/0)
  https://twitter.com/raiden96/status/843132858277548033	  y
	  31S7M7DAGI409K3YPSYGD65HOUFLTM	  A3GUJ6JD25FX7O	  0% (0/0)
  https://twitter.com/raiden96/status/843132858277548033	  y
	  32CAVSKPCG32JQEJWN67YNI592HU1G	  A16X5FB3HAFCKN	  0% (0/0)
  https://twitter.com/_JeffMartins/status/872554403408039937	  n
	  32CAVSKPCG32JQEJWN67YNI592HU1G	  A3GUJ6JD25FX7O	  0% (0/0)
  https://twitter.com/_JeffMartins/status/872554403408039937	  n
	  32CAVSKPCG32JQEJWN67YNI592HU1G	  A130P4M9JPT4YA	  0% (0/0)
  https://twitter.com/_JeffMartins/status/872554403408039937	  n
	  32CXT5U14IHKUQY4V8FMDX5DN8NU80	  A16X5FB3HAFCKN	  0% (0/0)
  https://twitter.com/swivers/status/941814505981460480	  y
	  32CXT5U14IHKUQY4V8FMDX5DN8NU80	  A3GUJ6JD25FX7O	  0% (0/0)
  https://twitter.com/swivers/status/941814505981460480	  y
	  32CXT5U14IHKUQY4V8FMDX5DN8NU80	  A130P4M9JPT4YA	  0% (0/0)
  https://twitter.com/swivers/status/941814505981460480	  y
	  32FESTC2NJ4M6TOHCKVRFJ1WDZ8UC6	  A1NF6PELRKACS9	  0% (0/0)
  https://twitter.com/KodyFagan1/status/942316330027487234	  y
	  32FESTC2NJ4M6TOHCKVRFJ1WDZ8UC6	  A1O4TRWZO664V3	  0% (0/0)
  https://twitter.com/KodyFagan1/status/942316330027487234	  y
	  32FESTC2NJ4M6TOHCKVRFJ1WDZ8UC6	  A16X5FB3HAFCKN	  0% (0/0)
  https://twitter.com/KodyFagan1/status/942316330027487234	  y
	  335VBRURDLE3JZKSA06V9BELLQBE9S	  A16X5FB3HAFCKN	  0% (0/0)
  https://twitter.com/StevePietaster/status/820280473075257345	  y
	  335VBRURDLE3JZKSA06V9BELLQBE9S	  A3PYEW6693PCHT	  0% (0/0)
  https://twitter.com/StevePietaster/status/820280473075257345	  n
	  335VBRURDLE3JZKSA06V9BELLQBE9S	  A1O4TRWZO664V3	  0% (0/0)
  https://twitter.com/StevePietaster/status/820280473075257345	  s
	  338431Z1FNTVZQT3YV9D588TVENORT	  A3GUJ6JD25FX7O	  0% (0/0)
  https://twitter.com/hkrump/status/915414419370151937	  y
	  338431Z1FNTVZQT3YV9D588TVENORT	  A16X5FB3HAFCKN	  0% (0/0)
  https://twitter.com/hkrump/status/915414419370151937	  n
	  338431Z1FNTVZQT3YV9D588TVENORT	  A1GKEEI844CEKI	  0% (0/0)
  https://twitter.com/hkrump/status/915414419370151937	  n
	  338431Z1FNTVZQT3YV9D588TVENROW	  A16X5FB3HAFCKN	  0% (0/0)
  https://twitter.com/ezradeanwolfe/status/943065096112058368	  y
	  338431Z1FNTVZQT3YV9D588TVENROW	  A2RHLZO74ZXQV3	  0% (0/0)
  https://twitter.com/ezradeanwolfe/status/943065096112058368	  y
	  338431Z1FNTVZQT3YV9D588TVENROW	  A3GUJ6JD25FX7O	  0% (0/0)
  https://twitter.com/ezradeanwolfe/status/943065096112058368	  y
	  33CLA8O0MKP1TDGAZSQNIEZF3DWRFA	  A1O4TRWZO664V3	  0% (0/0)
  https://twitter.com/raiden96/status/901410432170303488	  n
	  33CLA8O0MKP1TDGAZSQNIEZF3DWRFA	  A3GUJ6JD25FX7O	  0% (0/0)
  https://twitter.com/raiden96/status/901410432170303488	  n
	  33CLA8O0MKP1TDGAZSQNIEZF3DWRFA	  ATHS9GUME1XCA	  0% (0/0)
  https://twitter.com/raiden96/status/901410432170303488	  n
	  33Q5P9PUSR03SSIRI7UZWBGBFHMZCZ	  A16X5FB3HAFCKN	  0% (0/0)
  https://twitter.com/corikane/status/748616270581477377	  y
	  33Q5P9PUSR03SSIRI7UZWBGBFHMZCZ	  A3GUJ6JD25FX7O	  0% (0/0)
  https://twitter.com/corikane/status/748616270581477377	  y
	  33Q5P9PUSR03SSIRI7UZWBGBFHMZCZ	  A1O4TRWZO664V3	  0% (0/0)
  https://twitter.com/corikane/status/748616270581477377	  y
	  3421H3BM9CVBUF6KO1HM6RRDQY7J9I	  A3GUJ6JD25FX7O	  0% (0/0)
  https://twitter.com/margaritatalk/status/942130903500972034	  y
	  3421H3BM9CVBUF6KO1HM6RRDQY7J9I	  ATHS9GUME1XCA	  0% (0/0)
  https://twitter.com/margaritatalk/status/942130903500972034	  n
	  3421H3BM9CVBUF6KO1HM6RRDQY7J9I	  A130P4M9JPT4YA	  0% (0/0)
  https://twitter.com/margaritatalk/status/942130903500972034	  y
	  344M16OZKKTO81OMBAP0RC95QFSENR	  ATHS9GUME1XCA	  0% (0/0)
  https://twitter.com/AlyssaVincent1/status/941760572227506177	  y
	  344M16OZKKTO81OMBAP0RC95QFSENR	  A3GUJ6JD25FX7O	  0% (0/0)
  https://twitter.com/AlyssaVincent1/status/941760572227506177	  y
	  344M16OZKKTO81OMBAP0RC95QFSENR	  A130P4M9JPT4YA	  0% (0/0)
  https://twitter.com/AlyssaVincent1/status/941760572227506177	  y
	  34F34TZU7YD0UVLL3S27W4JZKSXJ2Q	  A16X5FB3HAFCKN	  0% (0/0)
  https://twitter.com/livvy_cee/status/879559528991215616	  y
	  34F34TZU7YD0UVLL3S27W4JZKSXJ2Q	  A1O4TRWZO664V3	  0% (0/0)
  https://twitter.com/livvy_cee/status/879559528991215616	  y
	  34F34TZU7YD0UVLL3S27W4JZKSXJ2Q	  A3GUJ6JD25FX7O	  0% (0/0)
  https://twitter.com/livvy_cee/status/879559528991215616	  y
	  34HEO7RUG886XMZ2OC4V4DOO6XJRAX	  ATHS9GUME1XCA	  0% (0/0)
  https://twitter.com/Tajz_Mahawl/status/869417961802653698	  y
	  34HEO7RUG886XMZ2OC4V4DOO6XJRAX	  A3GUJ6JD25FX7O	  0% (0/0)
  https://twitter.com/Tajz_Mahawl/status/869417961802653698	  y
	  34HEO7RUG886XMZ2OC4V4DOO6XJRAX	  A16X5FB3HAFCKN	  0% (0/0)
  https://twitter.com/Tajz_Mahawl/status/869417961802653698	  y
	  34KYK9TV2TMNHB479F4WPYDQAHNBS0	  A3GUJ6JD25FX7O	  0% (0/0)
  https://twitter.com/Dunkenthoughts/status/943059446221234177	  y
	  34KYK9TV2TMNHB479F4WPYDQAHNBS0	  A1GKEEI844CEKI	  0% (0/0)
  https://twitter.com/Dunkenthoughts/status/943059446221234177	  y
	  34KYK9TV2TMNHB479F4WPYDQAHNBS0	  A3PYEW6693PCHT	  0% (0/0)
  https://twitter.com/Dunkenthoughts/status/943059446221234177	  y
	  34O39PNDK8MBGW4UUQ4RZO8UOF4BRC	  A16X5FB3HAFCKN	  0% (0/0)
  https://twitter.com/Bronxzoo10/status/942771278850686984	  n
	  34O39PNDK8MBGW4UUQ4RZO8UOF4BRC	  ATHS9GUME1XCA	  0% (0/0)
  https://twitter.com/Bronxzoo10/status/942771278850686984	  n
	  34O39PNDK8MBGW4UUQ4RZO8UOF4BRC	  A3PYEW6693PCHT	  0% (0/0)
  https://twitter.com/Bronxzoo10/status/942771278850686984	  s
	  34O39PNDK8MBGW4UUQ4RZO8UOF4RBS	  A2YE7NBCK14VAQ	  0% (0/0)
  https://twitter.com/whatsupgrlfrent/status/880988020677148676	  y
	  34O39PNDK8MBGW4UUQ4RZO8UOF4RBS	  ATHS9GUME1XCA	  0% (0/0)
  https://twitter.com/whatsupgrlfrent/status/880988020677148676	  n
	  34O39PNDK8MBGW4UUQ4RZO8UOF4RBS	  A3GUJ6JD25FX7O	  0% (0/0)
  https://twitter.com/whatsupgrlfrent/status/880988020677148676	  y
	  3511RHPADXSNT5Q6L3TLDR4Z09ILR9	  ATHS9GUME1XCA	  0% (0/0)
  https://twitter.com/Msz_Baddazz/status/817840172830261249	  y
	  3511RHPADXSNT5Q6L3TLDR4Z09ILR9	  A3GUJ6JD25FX7O	  0% (0/0)
  https://twitter.com/Msz_Baddazz/status/817840172830261249	  y
	  3511RHPADXSNT5Q6L3TLDR4Z09ILR9	  A16X5FB3HAFCKN	  0% (0/0)
  https://twitter.com/Msz_Baddazz/status/817840172830261249	  y
	  3511RHPADXSNT5Q6L3TLDR4Z09IRLF	  A1GKEEI844CEKI	  0% (0/0)
  https://twitter.com/Luis_NightOwl/status/942238181730258944	  y
	  3511RHPADXSNT5Q6L3TLDR4Z09IRLF	  A3GUJ6JD25FX7O	  0% (0/0)
  https://twitter.com/Luis_NightOwl/status/942238181730258944	  y
	  3511RHPADXSNT5Q6L3TLDR4Z09IRLF	  ATHS9GUME1XCA	  0% (0/0)
  https://twitter.com/Luis_NightOwl/status/942238181730258944	  y
	  35JDMRECC6NIY970O6C51S08P36EGJ	  A130P4M9JPT4YA	  0% (0/0)
  https://twitter.com/45revspermin/status/896409473610330112	  y
	  35JDMRECC6NIY970O6C51S08P36EGJ	  A3GUJ6JD25FX7O	  0% (0/0)
  https://twitter.com/45revspermin/status/896409473610330112	  y
	  35JDMRECC6NIY970O6C51S08P36EGJ	  A1GKEEI844CEKI	  0% (0/0)
  https://twitter.com/45revspermin/status/896409473610330112	  y
	  35O6H0UNLUUSTS48LB45UBMB42OJ5R	  A3GUJ6JD25FX7O	  0% (0/0)
  https://twitter.com/jennison222/status/897697170639519745	  y
	  35O6H0UNLUUSTS48LB45UBMB42OJ5R	  A16X5FB3HAFCKN	  0% (0/0)
  https://twitter.com/jennison222/status/897697170639519745	  y
	  35O6H0UNLUUSTS48LB45UBMB42OJ5R	  A1O4TRWZO664V3	  0% (0/0)
  https://twitter.com/jennison222/status/897697170639519745	  y
	  35U0MRQMULLNSXAK7FEN65XWGK0OVM	  A3GUJ6JD25FX7O	  0% (0/0)
  https://twitter.com/yorlyitsmatt/status/936320105067229185	  n
	  35U0MRQMULLNSXAK7FEN65XWGK0OVM	  A16X5FB3HAFCKN	  0% (0/0)
  https://twitter.com/yorlyitsmatt/status/936320105067229185	  y
	  35U0MRQMULLNSXAK7FEN65XWGK0OVM	  A1GKEEI844CEKI	  0% (0/0)
  https://twitter.com/yorlyitsmatt/status/936320105067229185	  n
	  35XW21VSVISZUKQJ0STQ319VMB1LSX	  A1NF6PELRKACS9	  0% (0/0)
  https://twitter.com/djohmz413/status/840833647393546242	  y
	  35XW21VSVISZUKQJ0STQ319VMB1LSX	  A3GUJ6JD25FX7O	  0% (0/0)
  https://twitter.com/djohmz413/status/840833647393546242	  y
	  35XW21VSVISZUKQJ0STQ319VMB1LSX	  A1GKEEI844CEKI	  0% (0/0)
  https://twitter.com/djohmz413/status/840833647393546242	  y
	  360ZO6N6J3X1VNC5RYUEMJJUUS2M9P	  A1O4TRWZO664V3	  0% (0/0)
  https://twitter.com/DJNOTHINNICE/status/942722496410898433	  n
	  360ZO6N6J3X1VNC5RYUEMJJUUS2M9P	  ATHS9GUME1XCA	  0% (0/0)
  https://twitter.com/DJNOTHINNICE/status/942722496410898433	  n
	  360ZO6N6J3X1VNC5RYUEMJJUUS2M9P	  A3GUJ6JD25FX7O	  0% (0/0)
  https://twitter.com/DJNOTHINNICE/status/942722496410898433	  n
	  366FYU4PTI3N0V3JEXXKZKS1WKNEKM	  ATHS9GUME1XCA	  0% (0/0)
  https://twitter.com/djohmz413/status/926625396191383552	  y
	  366FYU4PTI3N0V3JEXXKZKS1WKNEKM	  A3GUJ6JD25FX7O	  0% (0/0)
  https://twitter.com/djohmz413/status/926625396191383552	  y
	  366FYU4PTI3N0V3JEXXKZKS1WKNEKM	  A2PBRI6BOYDN94	  0% (0/0)
  https://twitter.com/djohmz413/status/926625396191383552	  s
	  36818Z1KV5REEKE0DM3ZMFL80J3A3C	  A3GUJ6JD25FX7O	  0% (0/0)
  https://twitter.com/BeautyBar_LV/status/718230950371598336	  y
	  36818Z1KV5REEKE0DM3ZMFL80J3A3C	  ATHS9GUME1XCA	  0% (0/0)
  https://twitter.com/BeautyBar_LV/status/718230950371598336	  n
	  36818Z1KV5REEKE0DM3ZMFL80J3A3C	  A2PBRI6BOYDN94	  0% (0/0)
  https://twitter.com/BeautyBar_LV/status/718230950371598336	  y
	  36AZSFEYZ6E393LB3A910LXX9LHBV5	  ATHS9GUME1XCA	  0% (0/0)
  https://twitter.com/rachie_graham/status/943939222087577601	  y
	  36AZSFEYZ6E393LB3A910LXX9LHBV5	  A3GUJ6JD25FX7O	  0% (0/0)
  https://twitter.com/rachie_graham/status/943939222087577601	  y
	  36AZSFEYZ6E393LB3A910LXX9LHBV5	  A2PBRI6BOYDN94	  0% (0/0)
  https://twitter.com/rachie_graham/status/943939222087577601	  y
	  36D1BWBEHPFQV3R66PFZCWBGOMSM2X	  A1NF6PELRKACS9	  0% (0/0)
  https://twitter.com/Justin_Pate/status/937044961358381057	  y
	  36D1BWBEHPFQV3R66PFZCWBGOMSM2X	  A16X5FB3HAFCKN	  0% (0/0)
  https://twitter.com/Justin_Pate/status/937044961358381057	  y
	  36D1BWBEHPFQV3R66PFZCWBGOMSM2X	  A3GUJ6JD25FX7O	  0% (0/0)
  https://twitter.com/Justin_Pate/status/937044961358381057	  n
	  36FFXPMSTB2IAWF02QXJR46N85POHW	  ATHS9GUME1XCA	  0% (0/0)
  https://twitter.com/_katex8/status/839368950114746370	  y
   36FFXPMSTB2IAWF02QXJR46N85POHW   A16X5FB3HAFCKN    0% (0/0)
  https://twitter.com/_katex8/status/839368950114746370   y
    36FFXPMSTB2IAWF02QXJR46N85POHW    A3GUJ6JD25FX7O    0% (0/0)
  https://twitter.com/_katex8/status/839368950114746370   y
    36GJS3V78X4Q9PTS27NWY8D0UB2JG9    A1O4TRWZO664V3    0% (0/0)
  https://twitter.com/ItsKashiGolean/status/943690603224760321    s
    36GJS3V78X4Q9PTS27NWY8D0UB2JG9    A3GUJ6JD25FX7O    0% (0/0)
  https://twitter.com/ItsKashiGolean/status/943690603224760321    y
    36GJS3V78X4Q9PTS27NWY8D0UB2JG9    ATHS9GUME1XCA   0% (0/0)
  https://twitter.com/ItsKashiGolean/status/943690603224760321    y
    36MUZ9VAE8GFMPX9MGBXV7XBCBQED9    A16X5FB3HAFCKN    0% (0/0)
  https://twitter.com/HarleQuinncy/status/865698734428106754    y
    36MUZ9VAE8GFMPX9MGBXV7XBCBQED9    A3GUJ6JD25FX7O    0% (0/0)
  https://twitter.com/HarleQuinncy/status/865698734428106754    y
    36MUZ9VAE8GFMPX9MGBXV7XBCBQED9    ATHS9GUME1XCA   0% (0/0)
  https://twitter.com/HarleQuinncy/status/865698734428106754    y
    37G6BXQPLSZ9BY1ER2HHV64AVQFEQE    A16X5FB3HAFCKN    0% (0/0)
  https://twitter.com/NickTheGreat81/status/942582255461036035    y
    37G6BXQPLSZ9BY1ER2HHV64AVQFEQE    A2RHLZO74ZXQV3    0% (0/0)
  https://twitter.com/NickTheGreat81/status/942582255461036035    y
    37G6BXQPLSZ9BY1ER2HHV64AVQFEQE    ATHS9GUME1XCA   0% (0/0)
  https://twitter.com/NickTheGreat81/status/942582255461036035    n
    37J05LC5AZXNX5J10HMOSNA3HJMJDZ    A1GKEEI844CEKI    0% (0/0)
  https://twitter.com/FAIDelaney/status/943085124291264513    y
    37J05LC5AZXNX5J10HMOSNA3HJMJDZ    A2RHLZO74ZXQV3    0% (0/0)
  https://twitter.com/FAIDelaney/status/943085124291264513    y
    37J05LC5AZXNX5J10HMOSNA3HJMJDZ    A3GUJ6JD25FX7O    0% (0/0)
  https://twitter.com/FAIDelaney/status/943085124291264513    y
    37M4O367VLWIU0ATO8HXA3ES8WJM5Y    A2YE7NBCK14VAQ    0% (0/0)
  https://twitter.com/SeanyHockey18/status/942197902176325632   y
    37M4O367VLWIU0ATO8HXA3ES8WJM5Y    A3GUJ6JD25FX7O    0% (0/0)
  https://twitter.com/SeanyHockey18/status/942197902176325632   y
    37M4O367VLWIU0ATO8HXA3ES8WJM5Y    A16X5FB3HAFCKN    0% (0/0)
  https://twitter.com/SeanyHockey18/status/942197902176325632   y
    37NXA7GVSVKFMC7NUNYVEOT2LFVLV2    A3GUJ6JD25FX7O    0% (0/0)
  https://twitter.com/_JeffMartins/status/859832209519386632    y
    37NXA7GVSVKFMC7NUNYVEOT2LFVLV2    A1O4TRWZO664V3    0% (0/0)
  https://twitter.com/_JeffMartins/status/859832209519386632    y
    37NXA7GVSVKFMC7NUNYVEOT2LFVLV2    A16X5FB3HAFCKN    0% (0/0)
  https://twitter.com/_JeffMartins/status/859832209519386632    y
    37OPIVELUWHT8SLZS7S1Q9MIJOLAHJ    A16X5FB3HAFCKN    0% (0/0)
  https://twitter.com/RobertA54611889/status/943188277196197889   y
    37OPIVELUWHT8SLZS7S1Q9MIJOLAHJ    ATHS9GUME1XCA   0% (0/0)
  https://twitter.com/RobertA54611889/status/943188277196197889   n
    37OPIVELUWHT8SLZS7S1Q9MIJOLAHJ    A3GUJ6JD25FX7O    0% (0/0)
  https://twitter.com/RobertA54611889/status/943188277196197889   n
    37VE3DA4YWVYR2QRYLSXLK6O166BHF    A16X5FB3HAFCKN    0% (0/0)
  https://twitter.com/hkrump/status/824729616103256065    y
    37VE3DA4YWVYR2QRYLSXLK6O166BHF    A1NF6PELRKACS9    0% (0/0)
  https://twitter.com/hkrump/status/824729616103256065    y
    37VE3DA4YWVYR2QRYLSXLK6O166BHF    A3GUJ6JD25FX7O    0% (0/0)
  https://twitter.com/hkrump/status/824729616103256065    y
    38EHZ67RIO6GAXZD540OE05HY5XGMA    ATHS9GUME1XCA   0% (0/0)
  https://twitter.com/jlaske3/status/828708954645467140   y
    38EHZ67RIO6GAXZD540OE05HY5XGMA    A3GUJ6JD25FX7O    0% (0/0)
  https://twitter.com/jlaske3/status/828708954645467140   y
    38EHZ67RIO6GAXZD540OE05HY5XGMA    A2RHLZO74ZXQV3    0% (0/0)
  https://twitter.com/jlaske3/status/828708954645467140   y
    38LRF35D5NAYTTSYJRKQMGX27MVU38    A130P4M9JPT4YA    0% (0/0)
  https://twitter.com/stephradford5/status/883874233344020484   y
    38LRF35D5NAYTTSYJRKQMGX27MVU38    A16X5FB3HAFCKN    0% (0/0)
  https://twitter.com/stephradford5/status/883874233344020484   y
    38LRF35D5NAYTTSYJRKQMGX27MVU38    A3GUJ6JD25FX7O    0% (0/0)
  https://twitter.com/stephradford5/status/883874233344020484   y
    3909MD9T21VCK9B5DM6NJ70WOO6EFK    A16X5FB3HAFCKN    0% (0/0)
  https://twitter.com/HarleQuinncy/status/889609612978159617    y
    3909MD9T21VCK9B5DM6NJ70WOO6EFK    A130P4M9JPT4YA    0% (0/0)
  https://twitter.com/HarleQuinncy/status/889609612978159617    y
    3909MD9T21VCK9B5DM6NJ70WOO6EFK    A3GUJ6JD25FX7O    0% (0/0)
  https://twitter.com/HarleQuinncy/status/889609612978159617    y
    391FPZIE4E0DN1ZXYC9SQAYCQRDUHF    A3GUJ6JD25FX7O    0% (0/0)
  https://twitter.com/Helenwhittaker9/status/943367037585412098   n
    391FPZIE4E0DN1ZXYC9SQAYCQRDUHF    A1O4TRWZO664V3    0% (0/0)
  https://twitter.com/Helenwhittaker9/status/943367037585412098   s
    391FPZIE4E0DN1ZXYC9SQAYCQRDUHF    ATHS9GUME1XCA   0% (0/0)
  https://twitter.com/Helenwhittaker9/status/943367037585412098   n
    39HYCOOPKQZDYDPM3EZG8F2KLDHMD6    A3GUJ6JD25FX7O    0% (0/0)
  https://twitter.com/jomalley1964/status/943602107218825216    y
    39HYCOOPKQZDYDPM3EZG8F2KLDHMD6    A16X5FB3HAFCKN    0% (0/0)
  https://twitter.com/jomalley1964/status/943602107218825216    y
    39HYCOOPKQZDYDPM3EZG8F2KLDHMD6    ATHS9GUME1XCA   0% (0/0)
  https://twitter.com/jomalley1964/status/943602107218825216    n
    39KV3A5D1AL0FZ1HWYSGKWRURRW7SA    A1O4TRWZO664V3    0% (0/0)
  https://twitter.com/ThinLizotte/status/838468754409459712   y
    39KV3A5D1AL0FZ1HWYSGKWRURRW7SA    A3GUJ6JD25FX7O    0% (0/0)
  https://twitter.com/ThinLizotte/status/838468754409459712   y
    39KV3A5D1AL0FZ1HWYSGKWRURRW7SA    A1GKEEI844CEKI    0% (0/0)
  https://twitter.com/ThinLizotte/status/838468754409459712   y
    39O0SQZVJPLOEK14H9SBUMMY5PD7RM    A16X5FB3HAFCKN    0% (0/0)
  https://twitter.com/ShaquettaMarie/status/829137501491195906    y
    39O0SQZVJPLOEK14H9SBUMMY5PD7RM    A130P4M9JPT4YA    0% (0/0)
  https://twitter.com/ShaquettaMarie/status/829137501491195906    y
    39O0SQZVJPLOEK14H9SBUMMY5PD7RM    A2YE7NBCK14VAQ    0% (0/0)
  https://twitter.com/ShaquettaMarie/status/829137501491195906    y
    39WSF6KUV4Z6QMOYCPPD619AGPXEO6    ATHS9GUME1XCA   0% (0/0)
  https://twitter.com/american_norms/status/942464640092725250    n
    39WSF6KUV4Z6QMOYCPPD619AGPXEO6    A1O4TRWZO664V3    0% (0/0)
  https://twitter.com/american_norms/status/942464640092725250    n
    39WSF6KUV4Z6QMOYCPPD619AGPXEO6    A16X5FB3HAFCKN    0% (0/0)
  https://twitter.com/american_norms/status/942464640092725250    y
    3A520CCNWPEHOIUX26KV56P5R8TAE3    A1O4TRWZO664V3    0% (0/0)
  https://twitter.com/josephh2223/status/939779228911927296   y
    3A520CCNWPEHOIUX26KV56P5R8TAE3    A3GUJ6JD25FX7O    0% (0/0)
  https://twitter.com/josephh2223/status/939779228911927296   y
    3A520CCNWPEHOIUX26KV56P5R8TAE3    A130P4M9JPT4YA    0% (0/0)
  https://twitter.com/josephh2223/status/939779228911927296   y
    3A520CCNWPEHOIUX26KV56P5R8TEA7    ATHS9GUME1XCA   0% (0/0)
  https://twitter.com/naksulix/status/835685396361195520    n
    3A520CCNWPEHOIUX26KV56P5R8TEA7    A16X5FB3HAFCKN    0% (0/0)
  https://twitter.com/naksulix/status/835685396361195520    y
    3A520CCNWPEHOIUX26KV56P5R8TEA7    A3GUJ6JD25FX7O    0% (0/0)
  https://twitter.com/naksulix/status/835685396361195520    y
    3ACRLU860PSM7SZP8KKR0H9B9QEEB2    ATHS9GUME1XCA   0% (0/0)
  https://twitter.com/tthiggs/status/842948318732914693   n
    3ACRLU860PSM7SZP8KKR0H9B9QEEB2    A3GUJ6JD25FX7O    0% (0/0)
  https://twitter.com/tthiggs/status/842948318732914693   y
    3ACRLU860PSM7SZP8KKR0H9B9QEEB2    A1NF6PELRKACS9    0% (0/0)
  https://twitter.com/tthiggs/status/842948318732914693   y
    3AFT28WXLHGI6RQK88F4RG728I4OIP    ATHS9GUME1XCA   0% (0/0)
  https://twitter.com/45revspermin/status/842299199093936129    y
    3AFT28WXLHGI6RQK88F4RG728I4OIP    A3GUJ6JD25FX7O    0% (0/0)
  https://twitter.com/45revspermin/status/842299199093936129    y
    3AFT28WXLHGI6RQK88F4RG728I4OIP    A130P4M9JPT4YA    0% (0/0)
  https://twitter.com/45revspermin/status/842299199093936129    n
    3ATYLI1PRVGE12AQQQ043HM2LXTOJ1    ATHS9GUME1XCA   0% (0/0)
  https://twitter.com/mattlingerfelt/status/846737233478631424    y
    3ATYLI1PRVGE12AQQQ043HM2LXTOJ1    A16X5FB3HAFCKN    0% (0/0)
  https://twitter.com/mattlingerfelt/status/846737233478631424    y
    3ATYLI1PRVGE12AQQQ043HM2LXTOJ1    A3GUJ6JD25FX7O    0% (0/0)
  https://twitter.com/mattlingerfelt/status/846737233478631424    n
    3AXFSPQOYSCKVPXXRNHEGNDOTW2JFA    A1O4TRWZO664V3    0% (0/0)
  https://twitter.com/aliciah190/status/943358380609036288    n
    3AXFSPQOYSCKVPXXRNHEGNDOTW2JFA    ATHS9GUME1XCA   0% (0/0)
  https://twitter.com/aliciah190/status/943358380609036288    n
    3AXFSPQOYSCKVPXXRNHEGNDOTW2JFA    A3GUJ6JD25FX7O    0% (0/0)
  https://twitter.com/aliciah190/status/943358380609036288    n
    3B286OTISGVPZYGPG7VM2M2XWGPAJO    A16X5FB3HAFCKN    0% (0/0)
  https://twitter.com/urmorningquote/status/943225477463986177    y
    3B286OTISGVPZYGPG7VM2M2XWGPAJO    ATHS9GUME1XCA   0% (0/0)
  https://twitter.com/urmorningquote/status/943225477463986177    n
    3B286OTISGVPZYGPG7VM2M2XWGPAJO    A1GKEEI844CEKI    0% (0/0)
  https://twitter.com/urmorningquote/status/943225477463986177    y
    3B286OTISGVPZYGPG7VM2M2XWGPJAX    A16X5FB3HAFCKN    0% (0/0)
  https://twitter.com/joannadenman78/status/942133742591766529    y
    3B286OTISGVPZYGPG7VM2M2XWGPJAX    A3GUJ6JD25FX7O    0% (0/0)
  https://twitter.com/joannadenman78/status/942133742591766529    y
    3B286OTISGVPZYGPG7VM2M2XWGPJAX    ATHS9GUME1XCA   0% (0/0)
  https://twitter.com/joannadenman78/status/942133742591766529    n
    3B9XR6P1WG9UI8LHMLVIXXM3EYABJK    A3GUJ6JD25FX7O    0% (0/0)
  https://twitter.com/larvaSP/status/870502434476400641   y
    3B9XR6P1WG9UI8LHMLVIXXM3EYABJK    ATHS9GUME1XCA   0% (0/0)
  https://twitter.com/larvaSP/status/870502434476400641   y
    3B9XR6P1WG9UI8LHMLVIXXM3EYABJK    A16X5FB3HAFCKN    0% (0/0)
  https://twitter.com/larvaSP/status/870502434476400641   y
    3B9XR6P1WG9UI8LHMLVIXXM3EYAJBS    A16X5FB3HAFCKN    0% (0/0)
  https://twitter.com/Auddddreeyrose/status/942476455073722369    y
    3B9XR6P1WG9UI8LHMLVIXXM3EYAJBS    ATHS9GUME1XCA   0% (0/0)
  https://twitter.com/Auddddreeyrose/status/942476455073722369    n
    3B9XR6P1WG9UI8LHMLVIXXM3EYAJBS    A3GUJ6JD25FX7O    0% (0/0)
  https://twitter.com/Auddddreeyrose/status/942476455073722369    y
    3BDORL6HKMRUQ1W08Q0MA8EC604RCZ    A1GKEEI844CEKI    0% (0/0)
  https://twitter.com/trixilla/status/884894970431365121    y
    3BDORL6HKMRUQ1W08Q0MA8EC604RCZ    A1O4TRWZO664V3    0% (0/0)
  https://twitter.com/trixilla/status/884894970431365121    y
    3BDORL6HKMRUQ1W08Q0MA8EC604RCZ    ATHS9GUME1XCA   0% (0/0)
  https://twitter.com/trixilla/status/884894970431365121    y
    3BO3NEOQM2VT4NWJYPAMQLNXJ10AIC    A16X5FB3HAFCKN    0% (0/0)
  https://twitter.com/onelinetoday/status/943225476734242817    y
    3BO3NEOQM2VT4NWJYPAMQLNXJ10AIC    A3GUJ6JD25FX7O    0% (0/0)
  https://twitter.com/onelinetoday/status/943225476734242817    y
    3BO3NEOQM2VT4NWJYPAMQLNXJ10AIC    ATHS9GUME1XCA   0% (0/0)
  https://twitter.com/onelinetoday/status/943225476734242817    y
    3BPP3MA3TEYYK1L1ZX9LEK5GLKSELP    A3GUJ6JD25FX7O    0% (0/0)
  https://twitter.com/AmandaSaphLopez/status/937093581986287617   y
    3BPP3MA3TEYYK1L1ZX9LEK5GLKSELP    A130P4M9JPT4YA    0% (0/0)
  https://twitter.com/AmandaSaphLopez/status/937093581986287617   y
    3BPP3MA3TEYYK1L1ZX9LEK5GLKSELP    A16X5FB3HAFCKN    0% (0/0)
  https://twitter.com/AmandaSaphLopez/status/937093581986287617   y
    3CIS7GGG67X13R8V8B1M571ZYBLEUJ    A1O4TRWZO664V3    0% (0/0)
  https://twitter.com/Chm14Mc/status/943648805613985793   s
    3CIS7GGG67X13R8V8B1M571ZYBLEUJ    ATHS9GUME1XCA   0% (0/0)
  https://twitter.com/Chm14Mc/status/943648805613985793   n
    3CIS7GGG67X13R8V8B1M571ZYBLEUJ    A3GUJ6JD25FX7O    0% (0/0)
  https://twitter.com/Chm14Mc/status/943648805613985793   n
    3CIS7GGG67X13R8V8B1M571ZYBLUEZ    A130P4M9JPT4YA    0% (0/0)
  https://twitter.com/_triple_ob/status/942993415297536001    n
    3CIS7GGG67X13R8V8B1M571ZYBLUEZ    ATHS9GUME1XCA   0% (0/0)
  https://twitter.com/_triple_ob/status/942993415297536001    n
    3CIS7GGG67X13R8V8B1M571ZYBLUEZ    A16X5FB3HAFCKN    0% (0/0)
  https://twitter.com/_triple_ob/status/942993415297536001    y
    3CRWSLD91MI42AGBTNDWJ9EJPROOM5    A16X5FB3HAFCKN    0% (0/0)
  https://twitter.com/RoyichiiMagtaos/status/868293357294030849   y
    3CRWSLD91MI42AGBTNDWJ9EJPROOM5    A1NF6PELRKACS9    0% (0/0)
  https://twitter.com/RoyichiiMagtaos/status/868293357294030849   y
    3CRWSLD91MI42AGBTNDWJ9EJPROOM5    A3GUJ6JD25FX7O    0% (0/0)
  https://twitter.com/RoyichiiMagtaos/status/868293357294030849   y
    3CVDZS288JEAWX3IUKU6WF55XQXMFH    A1NF6PELRKACS9    0% (0/0)
  https://twitter.com/jackierobbie34/status/943698436888526848    y
    3CVDZS288JEAWX3IUKU6WF55XQXMFH    A1GKEEI844CEKI    0% (0/0)
  https://twitter.com/jackierobbie34/status/943698436888526848    y
   3CVDZS288JEAWX3IUKU6WF55XQXMFH   A1S88VQY8G8CNC    0% (0/0)
  https://twitter.com/jackierobbie34/status/943698436888526848    y
    3D06DR5227XF06MAJ48EIEUE0AKMA4    ATHS9GUME1XCA   0% (0/0)
  https://twitter.com/sirron2000/status/942784413070430210    n
    3D06DR5227XF06MAJ48EIEUE0AKMA4    A16X5FB3HAFCKN    0% (0/0)
  https://twitter.com/sirron2000/status/942784413070430210    y
    3D06DR5227XF06MAJ48EIEUE0AKMA4    A1O4TRWZO664V3    0% (0/0)
  https://twitter.com/sirron2000/status/942784413070430210    n
    3D0LPO3EADD4WR5PCQ17D41QY12OYV    A1NF6PELRKACS9    0% (0/0)
  https://twitter.com/Booze__Hound/status/942153396710023168    n
    3D0LPO3EADD4WR5PCQ17D41QY12OYV    A1O4TRWZO664V3    0% (0/0)
  https://twitter.com/Booze__Hound/status/942153396710023168    y
    3D0LPO3EADD4WR5PCQ17D41QY12OYV    A3GUJ6JD25FX7O    0% (0/0)
  https://twitter.com/Booze__Hound/status/942153396710023168    y
    3D1TUISJWKEDJWAH4URDQMZRQ4SUI8    ATHS9GUME1XCA   0% (0/0)
  https://twitter.com/HumphryBrokhart/status/943618686014894081   y
    3D1TUISJWKEDJWAH4URDQMZRQ4SUI8    A3GUJ6JD25FX7O    0% (0/0)
  https://twitter.com/HumphryBrokhart/status/943618686014894081   n
    3D1TUISJWKEDJWAH4URDQMZRQ4SUI8    A16X5FB3HAFCKN    0% (0/0)
  https://twitter.com/HumphryBrokhart/status/943618686014894081   y
    3D7VY91L67BKJGR2PI8ADPEKIS5BMO    A16X5FB3HAFCKN    0% (0/0)
  https://twitter.com/raiden96/status/913749648535429120    y
    3D7VY91L67BKJGR2PI8ADPEKIS5BMO    ATHS9GUME1XCA   0% (0/0)
  https://twitter.com/raiden96/status/913749648535429120    n
    3D7VY91L67BKJGR2PI8ADPEKIS5BMO    A3GUJ6JD25FX7O    0% (0/0)
  https://twitter.com/raiden96/status/913749648535429120    y
    3D7VY91L67BKJGR2PI8ADPEKIS5MBZ    A3GUJ6JD25FX7O    0% (0/0)
  https://twitter.com/onelinewhip/status/943225477078093826   y
    3D7VY91L67BKJGR2PI8ADPEKIS5MBZ    A1GKEEI844CEKI    0% (0/0)
  https://twitter.com/onelinewhip/status/943225477078093826   n
    3D7VY91L67BKJGR2PI8ADPEKIS5MBZ    A16X5FB3HAFCKN    0% (0/0)
  https://twitter.com/onelinewhip/status/943225477078093826   y
    3DFYDSXB2YE9E7UNMCCD2NER3JHUJK    A3GUJ6JD25FX7O    0% (0/0)
  https://twitter.com/steadynitenson/status/943716420289937408    n
    3DFYDSXB2YE9E7UNMCCD2NER3JHUJK    A16X5FB3HAFCKN    0% (0/0)
  https://twitter.com/steadynitenson/status/943716420289937408    n
    3DFYDSXB2YE9E7UNMCCD2NER3JHUJK    ATHS9GUME1XCA   0% (0/0)
  https://twitter.com/steadynitenson/status/943716420289937408    n
    3DGDV62G7QNWG6OJY57RT05BTR3P2W    A3PYEW6693PCHT    0% (0/0)
  https://twitter.com/lorac789/status/942882988555210753    y
    3DGDV62G7QNWG6OJY57RT05BTR3P2W    A1NF6PELRKACS9    0% (0/0)
  https://twitter.com/lorac789/status/942882988555210753    y
    3DGDV62G7QNWG6OJY57RT05BTR3P2W    A3GUJ6JD25FX7O    0% (0/0)
  https://twitter.com/lorac789/status/942882988555210753    y
    3DTJ4WT8BFTIPQ25EY0UMZGE0TZZES    A1GKEEI844CEKI    0% (0/0)
  https://twitter.com/TedCzechYDR/status/835483563659259904   n
    3DTJ4WT8BFTIPQ25EY0UMZGE0TZZES    A16X5FB3HAFCKN    0% (0/0)
  https://twitter.com/TedCzechYDR/status/835483563659259904   y
    3DTJ4WT8BFTIPQ25EY0UMZGE0TZZES    A3GUJ6JD25FX7O    0% (0/0)
  https://twitter.com/TedCzechYDR/status/835483563659259904   y
    3DWNFENNE59AX90876LVPJGX46TJ4M    A1O4TRWZO664V3    0% (0/0)
  https://twitter.com/joraemar/status/896152581675794432    s
    3DWNFENNE59AX90876LVPJGX46TJ4M    A3GUJ6JD25FX7O    0% (0/0)
  https://twitter.com/joraemar/status/896152581675794432    n
    3DWNFENNE59AX90876LVPJGX46TJ4M    A2PBRI6BOYDN94    0% (0/0)
  https://twitter.com/joraemar/status/896152581675794432    n
    3E9ZFLPWO065004C9Z20ATYVKM9IXO    ATHS9GUME1XCA   0% (0/0)
  https://twitter.com/StevePietaster/status/710270900042653697    n
    3E9ZFLPWO065004C9Z20ATYVKM9IXO    A3GUJ6JD25FX7O    0% (0/0)
  https://twitter.com/StevePietaster/status/710270900042653697    y
    3E9ZFLPWO065004C9Z20ATYVKM9IXO    A1O4TRWZO664V3    0% (0/0)
  https://twitter.com/StevePietaster/status/710270900042653697    y
    3ECKRY5B1SAU5V4RAHQL7EE6SM7IZL    A3GUJ6JD25FX7O    0% (0/0)
  https://twitter.com/MissRedRage/status/833000674602258433   y
    3ECKRY5B1SAU5V4RAHQL7EE6SM7IZL    A1O4TRWZO664V3    0% (0/0)
  https://twitter.com/MissRedRage/status/833000674602258433   y
    3ECKRY5B1SAU5V4RAHQL7EE6SM7IZL    A16X5FB3HAFCKN    0% (0/0)
  https://twitter.com/MissRedRage/status/833000674602258433   y
    3EPG8DX9LM4OF376GO9PR78ND1UP5X    A16X5FB3HAFCKN    0% (0/0)
  https://twitter.com/MalayzeeDayzee/status/943790712532824064    n
    3EPG8DX9LM4OF376GO9PR78ND1UP5X    A130P4M9JPT4YA    0% (0/0)
  https://twitter.com/MalayzeeDayzee/status/943790712532824064    n
    3EPG8DX9LM4OF376GO9PR78ND1UP5X    A3GUJ6JD25FX7O    0% (0/0)
  https://twitter.com/MalayzeeDayzee/status/943790712532824064    n
    3FBEFUUYRMJDB31IWO1XTIXSAA5A6I    A16X5FB3HAFCKN    0% (0/0)
  https://twitter.com/HarleQuinncy/status/834110874495365121    y
    3FBEFUUYRMJDB31IWO1XTIXSAA5A6I    ATHS9GUME1XCA   0% (0/0)
  https://twitter.com/HarleQuinncy/status/834110874495365121    n
    3FBEFUUYRMJDB31IWO1XTIXSAA5A6I    A1GKEEI844CEKI    0% (0/0)
  https://twitter.com/HarleQuinncy/status/834110874495365121    n
    3FHTJGYT8PEMV0WQXKSGV4ZC3A8GP6    A16X5FB3HAFCKN    0% (0/0)
  https://twitter.com/RoyichiiMagtaos/status/868292933711261697   y
    3FHTJGYT8PEMV0WQXKSGV4ZC3A8GP6    A130P4M9JPT4YA    0% (0/0)
  https://twitter.com/RoyichiiMagtaos/status/868292933711261697   y
    3FHTJGYT8PEMV0WQXKSGV4ZC3A8GP6    A3GUJ6JD25FX7O    0% (0/0)
  https://twitter.com/RoyichiiMagtaos/status/868292933711261697   y
    3FTID4TN8NCWQ62SZYLFLNXW3WXLYB    A16X5FB3HAFCKN    0% (0/0)
  https://twitter.com/broady503/status/911172421628997633   n
    3FTID4TN8NCWQ62SZYLFLNXW3WXLYB    A3GUJ6JD25FX7O    0% (0/0)
  https://twitter.com/broady503/status/911172421628997633   y
    3FTID4TN8NCWQ62SZYLFLNXW3WXLYB    A130P4M9JPT4YA    0% (0/0)
  https://twitter.com/broady503/status/911172421628997633   n
    3FULMHZ7OWB0YH6TA3YN5B8E80OM4T    A1GKEEI844CEKI    0% (0/0)
  https://twitter.com/lizzzycoster/status/942161361299234816    n
    3FULMHZ7OWB0YH6TA3YN5B8E80OM4T    ATHS9GUME1XCA   0% (0/0)
  https://twitter.com/lizzzycoster/status/942161361299234816    n
    3FULMHZ7OWB0YH6TA3YN5B8E80OM4T    A3GUJ6JD25FX7O    0% (0/0)
  https://twitter.com/lizzzycoster/status/942161361299234816    n
    3G3AJKPCXN60SYV7T6MYZ6VLHA24Y1    ATHS9GUME1XCA   0% (0/0)
  https://twitter.com/ebbrown_/status/719587876422475776    n
    3G3AJKPCXN60SYV7T6MYZ6VLHA24Y1    A16X5FB3HAFCKN    0% (0/0)
  https://twitter.com/ebbrown_/status/719587876422475776    y
    3G3AJKPCXN60SYV7T6MYZ6VLHA24Y1    A1O4TRWZO664V3    0% (0/0)
  https://twitter.com/ebbrown_/status/719587876422475776    n
    3G9UA71JVX87GWIR94J2SV07V8JJ76    A1S88VQY8G8CNC    0% (0/0)
  https://twitter.com/Tasha_AliceW/status/919569578455420929    y
    3G9UA71JVX87GWIR94J2SV07V8JJ76    A3GUJ6JD25FX7O    0% (0/0)
  https://twitter.com/Tasha_AliceW/status/919569578455420929    y
    3G9UA71JVX87GWIR94J2SV07V8JJ76    ATHS9GUME1XCA   0% (0/0)
  https://twitter.com/Tasha_AliceW/status/919569578455420929    y
    3H1C3QRA03X5HXRVMKGMB1FTRBEEC9    ATHS9GUME1XCA   0% (0/0)
  https://twitter.com/djohmz413/status/854536233372057601   y
    3H1C3QRA03X5HXRVMKGMB1FTRBEEC9    A3GUJ6JD25FX7O    0% (0/0)
  https://twitter.com/djohmz413/status/854536233372057601   n
    3H1C3QRA03X5HXRVMKGMB1FTRBEEC9    A1GKEEI844CEKI    0% (0/0)
  https://twitter.com/djohmz413/status/854536233372057601   y
    3H781YYV6VWM3ET686BC0BFXFXEETS    A16X5FB3HAFCKN    0% (0/0)
  https://twitter.com/dallasbooth10/status/943392492547969024   y
    3H781YYV6VWM3ET686BC0BFXFXEETS    A1O4TRWZO664V3    0% (0/0)
  https://twitter.com/dallasbooth10/status/943392492547969024   y
    3H781YYV6VWM3ET686BC0BFXFXEETS    A3GUJ6JD25FX7O    0% (0/0)
  https://twitter.com/dallasbooth10/status/943392492547969024   y
    3HO4MYYR142XQCFG2TIOTJ9MHDXU6E    ATHS9GUME1XCA   0% (0/0)
  https://twitter.com/therealzjd/status/938984666404593665    y
    3HO4MYYR142XQCFG2TIOTJ9MHDXU6E    A16X5FB3HAFCKN    0% (0/0)
  https://twitter.com/therealzjd/status/938984666404593665    y
    3HO4MYYR142XQCFG2TIOTJ9MHDXU6E    A3GUJ6JD25FX7O    0% (0/0)
  https://twitter.com/therealzjd/status/938984666404593665    y
    3I7SHAD35OAXH4OCC1WU8NSOZ2E7MY    A3GUJ6JD25FX7O    0% (0/0)
  https://twitter.com/corikane/status/697478113081630723    y
    3I7SHAD35OAXH4OCC1WU8NSOZ2E7MY    A3PYEW6693PCHT    0% (0/0)
  https://twitter.com/corikane/status/697478113081630723    y
    3I7SHAD35OAXH4OCC1WU8NSOZ2E7MY    A16X5FB3HAFCKN    0% (0/0)
  https://twitter.com/corikane/status/697478113081630723    y
    3I7SHAD35OAXH4OCC1WU8NSOZ2EM7D    A3GUJ6JD25FX7O    0% (0/0)
  https://twitter.com/lilmsbrighteyes/status/942303848911183875   n
    3I7SHAD35OAXH4OCC1WU8NSOZ2EM7D    ATHS9GUME1XCA   0% (0/0)
  https://twitter.com/lilmsbrighteyes/status/942303848911183875   n
    3I7SHAD35OAXH4OCC1WU8NSOZ2EM7D    A1NF6PELRKACS9    0% (0/0)
  https://twitter.com/lilmsbrighteyes/status/942303848911183875   y
    3IJ95K7NDZQMSFKDH5FORFUH3V7GNA    A1O4TRWZO664V3    0% (0/0)
  https://twitter.com/kalimeh/status/829901251907350530   s
    3IJ95K7NDZQMSFKDH5FORFUH3V7GNA    A3GUJ6JD25FX7O    0% (0/0)
  https://twitter.com/kalimeh/status/829901251907350530   n
    3IJ95K7NDZQMSFKDH5FORFUH3V7GNA    A16X5FB3HAFCKN    0% (0/0)
  https://twitter.com/kalimeh/status/829901251907350530   n
    3IV1AEQ4DTRBGANAJ9B86VW26SPJ8T    A3GUJ6JD25FX7O    0% (0/0)
  https://twitter.com/beckadoo2/status/919460397270278144   y
    3IV1AEQ4DTRBGANAJ9B86VW26SPJ8T    A2YE7NBCK14VAQ    0% (0/0)
  https://twitter.com/beckadoo2/status/919460397270278144   y
    3IV1AEQ4DTRBGANAJ9B86VW26SPJ8T    A16X5FB3HAFCKN    0% (0/0)
  https://twitter.com/beckadoo2/status/919460397270278144   y
    3IVEC1GSLRDT5A3PKO2TRL9USMJJ19    A3GUJ6JD25FX7O    0% (0/0)
  https://twitter.com/Moseying_along/status/875691004086558722    y
    3IVEC1GSLRDT5A3PKO2TRL9USMJJ19    A2HM35CWB7IIFM    0% (0/0)
  https://twitter.com/Moseying_along/status/875691004086558722    y
    3IVEC1GSLRDT5A3PKO2TRL9USMJJ19    A3PYEW6693PCHT    0% (0/0)
  https://twitter.com/Moseying_along/status/875691004086558722    y
    3IYI9285WUEDSDDN0LRD8HSLWJAJCZ    A3GUJ6JD25FX7O    0% (0/0)
  https://twitter.com/sourcrouse53/status/942603254097117186    n
    3IYI9285WUEDSDDN0LRD8HSLWJAJCZ    A1O4TRWZO664V3    0% (0/0)
  https://twitter.com/sourcrouse53/status/942603254097117186    n
    3IYI9285WUEDSDDN0LRD8HSLWJAJCZ    ATHS9GUME1XCA   0% (0/0)
  https://twitter.com/sourcrouse53/status/942603254097117186    n
    3IZPORCT1HNL797GUIENLZBSJS9RH8    A16X5FB3HAFCKN    0% (0/0)
  https://twitter.com/waqarjamil57/status/942080658586980352    y
    3IZPORCT1HNL797GUIENLZBSJS9RH8    ATHS9GUME1XCA   0% (0/0)
  https://twitter.com/waqarjamil57/status/942080658586980352    n
    3IZPORCT1HNL797GUIENLZBSJS9RH8    A3GUJ6JD25FX7O    0% (0/0)
  https://twitter.com/waqarjamil57/status/942080658586980352    n
    3J9UN9O9J56TYLI7O5YTDGQKNUDJ06    A1S88VQY8G8CNC    0% (0/0)
  https://twitter.com/klockenkemperrr/status/869056120349917185   n
    3J9UN9O9J56TYLI7O5YTDGQKNUDJ06    ATHS9GUME1XCA   0% (0/0)
  https://twitter.com/klockenkemperrr/status/869056120349917185   y
    3J9UN9O9J56TYLI7O5YTDGQKNUDJ06    A1NF6PELRKACS9    0% (0/0)
  https://twitter.com/klockenkemperrr/status/869056120349917185   y
    3JU8CV4BRNQANDDOL35O0D8EUWZOP1    A130P4M9JPT4YA    0% (0/0)
  https://twitter.com/M4L154/status/898888974546083842    y
    3JU8CV4BRNQANDDOL35O0D8EUWZOP1    A3GUJ6JD25FX7O    0% (0/0)
  https://twitter.com/M4L154/status/898888974546083842    y
    3JU8CV4BRNQANDDOL35O0D8EUWZOP1    A16X5FB3HAFCKN    0% (0/0)
  https://twitter.com/M4L154/status/898888974546083842    y
    3KA7IJSNW8JQ4JOFHY02UT8FNXGBPK    A3GUJ6JD25FX7O    0% (0/0)
  https://twitter.com/broady503/status/940713297908719616   y
    3KA7IJSNW8JQ4JOFHY02UT8FNXGBPK    A1NF6PELRKACS9    0% (0/0)
  https://twitter.com/broady503/status/940713297908719616   y
    3KA7IJSNW8JQ4JOFHY02UT8FNXGBPK    ATHS9GUME1XCA   0% (0/0)
  https://twitter.com/broady503/status/940713297908719616   n
    3KL228NDMX0LK9ZAKSN8ZNDD902GK5    A3GUJ6JD25FX7O    0% (0/0)
  https://twitter.com/hkrump/status/755239469272305670    n
    3KL228NDMX0LK9ZAKSN8ZNDD902GK5    A16X5FB3HAFCKN    0% (0/0)
  https://twitter.com/hkrump/status/755239469272305670    y
    3KL228NDMX0LK9ZAKSN8ZNDD902GK5    A130P4M9JPT4YA    0% (0/0)
  https://twitter.com/hkrump/status/755239469272305670    y
    3KTCJ4SCVIFJ6I9ANLFL7D1BWGEM1G    A3GUJ6JD25FX7O    0% (0/0)
  https://twitter.com/Stepha_OBrien/status/936088549518082049   y
    3KTCJ4SCVIFJ6I9ANLFL7D1BWGEM1G    A16X5FB3HAFCKN    0% (0/0)
  https://twitter.com/Stepha_OBrien/status/936088549518082049   y
    3KTCJ4SCVIFJ6I9ANLFL7D1BWGEM1G    ATHS9GUME1XCA   0% (0/0)
  https://twitter.com/Stepha_OBrien/status/936088549518082049   y
   3KTZHH2ONKT1HITVM6O0MNOJAMKM80   A16X5FB3HAFCKN    0% (0/0)
  https://twitter.com/LukeRobertsTV/status/942494077773328385   y
    3KTZHH2ONKT1HITVM6O0MNOJAMKM80    A3GUJ6JD25FX7O    0% (0/0)
  https://twitter.com/LukeRobertsTV/status/942494077773328385   n
    3KTZHH2ONKT1HITVM6O0MNOJAMKM80    ATHS9GUME1XCA   0% (0/0)
  https://twitter.com/LukeRobertsTV/status/942494077773328385   n
    3KWGG5KP6LG3TLJ83I45O9K20D5MC6    A3GUJ6JD25FX7O    0% (0/0)
  https://twitter.com/derek2nelson/status/943319383866212357    y
    3KWGG5KP6LG3TLJ83I45O9K20D5MC6    A130P4M9JPT4YA    0% (0/0)
  https://twitter.com/derek2nelson/status/943319383866212357    y
    3KWGG5KP6LG3TLJ83I45O9K20D5MC6    A16X5FB3HAFCKN    0% (0/0)
  https://twitter.com/derek2nelson/status/943319383866212357    y
    3L7SUC0TTW8JZTOSR2BLT8I1RO8M0D    ATHS9GUME1XCA   0% (0/0)
  https://twitter.com/whotookallthese/status/926548210247708674   y
    3L7SUC0TTW8JZTOSR2BLT8I1RO8M0D    A1O4TRWZO664V3    0% (0/0)
  https://twitter.com/whotookallthese/status/926548210247708674   y
    3L7SUC0TTW8JZTOSR2BLT8I1RO8M0D    A3GUJ6JD25FX7O    0% (0/0)
  https://twitter.com/whotookallthese/status/926548210247708674   y
    3LCXHSGDLVKLOEGRJ66MQ6JBDE0ES3    A3GUJ6JD25FX7O    0% (0/0)
  https://twitter.com/FuckChrisMingle/status/943241512145453057   n
    3LCXHSGDLVKLOEGRJ66MQ6JBDE0ES3    A1O4TRWZO664V3    0% (0/0)
  https://twitter.com/FuckChrisMingle/status/943241512145453057   s
    3LCXHSGDLVKLOEGRJ66MQ6JBDE0ES3    ATHS9GUME1XCA   0% (0/0)
  https://twitter.com/FuckChrisMingle/status/943241512145453057   y
    3LG268AV3AK9NZGE4H6H0WEFRCHERF    A1O4TRWZO664V3    0% (0/0)
  https://twitter.com/Jeppeson14/status/942637806878412805    n
    3LG268AV3AK9NZGE4H6H0WEFRCHERF    ATHS9GUME1XCA   0% (0/0)
  https://twitter.com/Jeppeson14/status/942637806878412805    n
    3LG268AV3AK9NZGE4H6H0WEFRCHERF    A3GUJ6JD25FX7O    0% (0/0)
  https://twitter.com/Jeppeson14/status/942637806878412805    n
    3LG268AV3AK9NZGE4H6H0WEFRCHRES    A16X5FB3HAFCKN    0% (0/0)
  https://twitter.com/akathesauce/status/907141755379830785   y
    3LG268AV3AK9NZGE4H6H0WEFRCHRES    A1O4TRWZO664V3    0% (0/0)
  https://twitter.com/akathesauce/status/907141755379830785   n
    3LG268AV3AK9NZGE4H6H0WEFRCHRES    A3GUJ6JD25FX7O    0% (0/0)
  https://twitter.com/akathesauce/status/907141755379830785   y
    3LN3BXKGC29CF9TR966BNY78W7BGW1    A1O4TRWZO664V3    0% (0/0)
  https://twitter.com/flipdubai/status/943577972098977794   s
    3LN3BXKGC29CF9TR966BNY78W7BGW1    A16X5FB3HAFCKN    0% (0/0)
  https://twitter.com/flipdubai/status/943577972098977794   n
    3LN3BXKGC29CF9TR966BNY78W7BGW1    A3GUJ6JD25FX7O    0% (0/0)
  https://twitter.com/flipdubai/status/943577972098977794   n
    3LN50BUKPXP2HSAR8BPW8W4KZRULPH    A16X5FB3HAFCKN    0% (0/0)
  https://twitter.com/corikane/status/726121452236361728    y
    3LN50BUKPXP2HSAR8BPW8W4KZRULPH    A1O4TRWZO664V3    0% (0/0)
  https://twitter.com/corikane/status/726121452236361728    n
    3LN50BUKPXP2HSAR8BPW8W4KZRULPH    A130P4M9JPT4YA    0% (0/0)
  https://twitter.com/corikane/status/726121452236361728    y
    3LVTFB9DE7W7VCX5XX75V9PM86UGQX    A1O4TRWZO664V3    0% (0/0)
  https://twitter.com/HarleQuinncy/status/890996277051359233    s
    3LVTFB9DE7W7VCX5XX75V9PM86UGQX    A16X5FB3HAFCKN    0% (0/0)
  https://twitter.com/HarleQuinncy/status/890996277051359233    n
    3LVTFB9DE7W7VCX5XX75V9PM86UGQX    A1GKEEI844CEKI    0% (0/0)
  https://twitter.com/HarleQuinncy/status/890996277051359233    y
    3M67TQBQQJ20TM3GUV49DSOU0BDA9T    ATHS9GUME1XCA   0% (0/0)
  https://twitter.com/ElMeester/status/881327051910897666   n
    3M67TQBQQJ20TM3GUV49DSOU0BDA9T    A3GUJ6JD25FX7O    0% (0/0)
  https://twitter.com/ElMeester/status/881327051910897666   y
    3M67TQBQQJ20TM3GUV49DSOU0BDA9T    A16X5FB3HAFCKN    0% (0/0)
  https://twitter.com/ElMeester/status/881327051910897666   y
    3MD8CKRQZ11HYF26IIH8XCR7WKDRJD    A1O4TRWZO664V3    0% (0/0)
  https://twitter.com/kolmcdow/status/942143261195554818    y
    3MD8CKRQZ11HYF26IIH8XCR7WKDRJD    A3GUJ6JD25FX7O    0% (0/0)
  https://twitter.com/kolmcdow/status/942143261195554818    n
    3MD8CKRQZ11HYF26IIH8XCR7WKDRJD    ATHS9GUME1XCA   0% (0/0)
  https://twitter.com/kolmcdow/status/942143261195554818    y
    3MWOYZD5WX2AKS1B5OSWWO3JUHYON5    ATHS9GUME1XCA   0% (0/0)
  https://twitter.com/howfella/status/869384576891850754    y
    3MWOYZD5WX2AKS1B5OSWWO3JUHYON5    A16X5FB3HAFCKN    0% (0/0)
  https://twitter.com/howfella/status/869384576891850754    y
    3MWOYZD5WX2AKS1B5OSWWO3JUHYON5    A3GUJ6JD25FX7O    0% (0/0)
  https://twitter.com/howfella/status/869384576891850754    y
    3MXX6RQ9EXJ6JK362JQFMF29D5ZP4S    A3GUJ6JD25FX7O    0% (0/0)
  https://twitter.com/lmjwoww/status/943604715274817537   y
    3MXX6RQ9EXJ6JK362JQFMF29D5ZP4S    A1O4TRWZO664V3    0% (0/0)
  https://twitter.com/lmjwoww/status/943604715274817537   n
    3MXX6RQ9EXJ6JK362JQFMF29D5ZP4S    A1GKEEI844CEKI    0% (0/0)
  https://twitter.com/lmjwoww/status/943604715274817537   y
    3MZ3TAMYTN1L34I000W8LBC7J5ORI1    A2HM35CWB7IIFM    0% (0/0)
  https://twitter.com/nataliasmilee/status/942124640289337345   y
    3MZ3TAMYTN1L34I000W8LBC7J5ORI1    A1GKEEI844CEKI    0% (0/0)
  https://twitter.com/nataliasmilee/status/942124640289337345   y
    3MZ3TAMYTN1L34I000W8LBC7J5ORI1    ATHS9GUME1XCA   0% (0/0)
  https://twitter.com/nataliasmilee/status/942124640289337345   y
    3NBFJK3IOJW4A0KPIKF164UMT5CGOP    ATHS9GUME1XCA   0% (0/0)
  https://twitter.com/HarleQuinncy/status/850395926309076993    y
    3NBFJK3IOJW4A0KPIKF164UMT5CGOP    A1O4TRWZO664V3    0% (0/0)
  https://twitter.com/HarleQuinncy/status/850395926309076993    y
    3NBFJK3IOJW4A0KPIKF164UMT5CGOP    A3PYEW6693PCHT    0% (0/0)
  https://twitter.com/HarleQuinncy/status/850395926309076993    y
    3NCN4N1H1IVQ1YC21JNAQ43KNIFBNO    ATHS9GUME1XCA   0% (0/0)
  https://twitter.com/reuben_ring/status/931688035703508992   n
    3NCN4N1H1IVQ1YC21JNAQ43KNIFBNO    A3GUJ6JD25FX7O    0% (0/0)
  https://twitter.com/reuben_ring/status/931688035703508992   y
    3NCN4N1H1IVQ1YC21JNAQ43KNIFBNO    A1GKEEI844CEKI    0% (0/0)
  https://twitter.com/reuben_ring/status/931688035703508992   y
    3NSCTNUR211HSZ14R5RS1CJSEFUA52    A3GUJ6JD25FX7O    0% (0/0)
  https://twitter.com/whatsupwiz/status/827342955220344833    y
    3NSCTNUR211HSZ14R5RS1CJSEFUA52    A16X5FB3HAFCKN    0% (0/0)
  https://twitter.com/whatsupwiz/status/827342955220344833    y
    3NSCTNUR211HSZ14R5RS1CJSEFUA52    A1O4TRWZO664V3    0% (0/0)
  https://twitter.com/whatsupwiz/status/827342955220344833    y
    3O4VWC1GEYKPFDH47SGCFEORQ6XJ31    A130P4M9JPT4YA    0% (0/0)
  https://twitter.com/moviestartalent/status/881728658905251841   n
    3O4VWC1GEYKPFDH47SGCFEORQ6XJ31    A1O4TRWZO664V3    0% (0/0)
  https://twitter.com/moviestartalent/status/881728658905251841   s
    3O4VWC1GEYKPFDH47SGCFEORQ6XJ31    ATHS9GUME1XCA   0% (0/0)
  https://twitter.com/moviestartalent/status/881728658905251841   n
    3OB6JN3A9S37ZN8RLFU0D4JO0E8RMH    A3GUJ6JD25FX7O    0% (0/0)
  https://twitter.com/timdaish/status/942587043116408833    y
    3OB6JN3A9S37ZN8RLFU0D4JO0E8RMH    ATHS9GUME1XCA   0% (0/0)
  https://twitter.com/timdaish/status/942587043116408833    n
    3OB6JN3A9S37ZN8RLFU0D4JO0E8RMH    A2RHLZO74ZXQV3    0% (0/0)
  https://twitter.com/timdaish/status/942587043116408833    n
    3OJX0UFJ01LK8VHE00L0DT0O7E5U9P    A16X5FB3HAFCKN    0% (0/0)
  https://twitter.com/AliceNicole_/status/942143110221529090    y
    3OJX0UFJ01LK8VHE00L0DT0O7E5U9P    A1NF6PELRKACS9    0% (0/0)
  https://twitter.com/AliceNicole_/status/942143110221529090    y
    3OJX0UFJ01LK8VHE00L0DT0O7E5U9P    ATHS9GUME1XCA   0% (0/0)
  https://twitter.com/AliceNicole_/status/942143110221529090    n
    3OKP4QVBP4BF8WQO81AJ59AH4O8AGK    A3PYEW6693PCHT    0% (0/0)
  https://twitter.com/iJustBall24_7/status/942275033950539776   y
    3OKP4QVBP4BF8WQO81AJ59AH4O8AGK    A1GKEEI844CEKI    0% (0/0)
  https://twitter.com/iJustBall24_7/status/942275033950539776   y
    3OKP4QVBP4BF8WQO81AJ59AH4O8AGK    ATHS9GUME1XCA   0% (0/0)
  https://twitter.com/iJustBall24_7/status/942275033950539776   n
    3OND0WXMHYTWY52B8CUNMSC943JEHI    A16X5FB3HAFCKN    0% (0/0)
  https://twitter.com/45revspermin/status/896535117010784257    y
    3OND0WXMHYTWY52B8CUNMSC943JEHI    ATHS9GUME1XCA   0% (0/0)
  https://twitter.com/45revspermin/status/896535117010784257    y
    3OND0WXMHYTWY52B8CUNMSC943JEHI    A3GUJ6JD25FX7O    0% (0/0)
  https://twitter.com/45revspermin/status/896535117010784257    y
    3OREP8RUT4PKR6VGEFAF0KUNM6TBGG    A1O4TRWZO664V3    0% (0/0)
  https://twitter.com/HarleQuinncy/status/784569196252393473    y
    3OREP8RUT4PKR6VGEFAF0KUNM6TBGG    ATHS9GUME1XCA   0% (0/0)
  https://twitter.com/HarleQuinncy/status/784569196252393473    y
    3OREP8RUT4PKR6VGEFAF0KUNM6TBGG    A3GUJ6JD25FX7O    0% (0/0)
  https://twitter.com/HarleQuinncy/status/784569196252393473    y
    3OWZNK3RYN398BWFFR6L36SA18VU2X    A1GKEEI844CEKI    0% (0/0)
  https://twitter.com/TheAutrey/status/881370077936979968   y
    3OWZNK3RYN398BWFFR6L36SA18VU2X    ATHS9GUME1XCA   0% (0/0)
  https://twitter.com/TheAutrey/status/881370077936979968   y
    3OWZNK3RYN398BWFFR6L36SA18VU2X    A3GUJ6JD25FX7O    0% (0/0)
  https://twitter.com/TheAutrey/status/881370077936979968   y
    3OYHVNTV5VC9CMG88B0G4WMF0MTOK0    A16X5FB3HAFCKN    0% (0/0)
  https://twitter.com/RoyichiiMagtaos/status/858227146761789441   y
    3OYHVNTV5VC9CMG88B0G4WMF0MTOK0    ATHS9GUME1XCA   0% (0/0)
  https://twitter.com/RoyichiiMagtaos/status/858227146761789441   y
    3OYHVNTV5VC9CMG88B0G4WMF0MTOK0    A3GUJ6JD25FX7O    0% (0/0)
  https://twitter.com/RoyichiiMagtaos/status/858227146761789441   n
    3P0I4CQYV0L07MAPXPJJS7GANT2OWW    A3GUJ6JD25FX7O    0% (0/0)
  https://twitter.com/britthans31/status/937823841124061186   n
    3P0I4CQYV0L07MAPXPJJS7GANT2OWW    A2HM35CWB7IIFM    0% (0/0)
  https://twitter.com/britthans31/status/937823841124061186   n
    3P0I4CQYV0L07MAPXPJJS7GANT2OWW    A2PBRI6BOYDN94    0% (0/0)
  https://twitter.com/britthans31/status/937823841124061186   n
    3P4C70TRMTVW4FHS5SZ9ENQSY07GL8    A16X5FB3HAFCKN    0% (0/0)
  https://twitter.com/raiden96/status/763359979600502784    y
    3P4C70TRMTVW4FHS5SZ9ENQSY07GL8    A1GKEEI844CEKI    0% (0/0)
  https://twitter.com/raiden96/status/763359979600502784    n
    3P4C70TRMTVW4FHS5SZ9ENQSY07GL8    A3PYEW6693PCHT    0% (0/0)
  https://twitter.com/raiden96/status/763359979600502784    y
    3P520RYKCJK178F2XA8J1DVMLIMU5Y    A1O4TRWZO664V3    0% (0/0)
  https://twitter.com/StevePietaster/status/927289161018683392    n
    3P520RYKCJK178F2XA8J1DVMLIMU5Y    ATHS9GUME1XCA   0% (0/0)
  https://twitter.com/StevePietaster/status/927289161018683392    y
    3P520RYKCJK178F2XA8J1DVMLIMU5Y    A3GUJ6JD25FX7O    0% (0/0)
  https://twitter.com/StevePietaster/status/927289161018683392    y
    3P7RGTLO6GRKAIM7YSVY312AB5PAKN    A1O4TRWZO664V3    0% (0/0)
  https://twitter.com/thesexysensei/status/943516260553363463   n
    3P7RGTLO6GRKAIM7YSVY312AB5PAKN    A3GUJ6JD25FX7O    0% (0/0)
  https://twitter.com/thesexysensei/status/943516260553363463   n
    3P7RGTLO6GRKAIM7YSVY312AB5PAKN    ATHS9GUME1XCA   0% (0/0)
  https://twitter.com/thesexysensei/status/943516260553363463   n
    3P888QFVX58VNPE3LGKD0IYOZSLOQS    A130P4M9JPT4YA    0% (0/0)
  https://twitter.com/StevePietaster/status/910951847330041858    y
    3P888QFVX58VNPE3LGKD0IYOZSLOQS    A1O4TRWZO664V3    0% (0/0)
  https://twitter.com/StevePietaster/status/910951847330041858    y
    3P888QFVX58VNPE3LGKD0IYOZSLOQS    ATHS9GUME1XCA   0% (0/0)
  https://twitter.com/StevePietaster/status/910951847330041858    y
    3PA41K45VPI327LP4HOMPRMJ47P7PU    A3GUJ6JD25FX7O    0% (0/0)
  https://twitter.com/becky_Quimby/status/824792525663768578    y
    3PA41K45VPI327LP4HOMPRMJ47P7PU    A16X5FB3HAFCKN    0% (0/0)
  https://twitter.com/becky_Quimby/status/824792525663768578    y
    3PA41K45VPI327LP4HOMPRMJ47P7PU    A1GKEEI844CEKI    0% (0/0)
  https://twitter.com/becky_Quimby/status/824792525663768578    n
    3PEG1BH7AG5PTSRZ46VUYCMGTNABKJ    ATHS9GUME1XCA   0% (0/0)
  https://twitter.com/roamaya16/status/875735258687262721   s
    3PEG1BH7AG5PTSRZ46VUYCMGTNABKJ    A16X5FB3HAFCKN    0% (0/0)
  https://twitter.com/roamaya16/status/875735258687262721   y
    3PEG1BH7AG5PTSRZ46VUYCMGTNABKJ    A3GUJ6JD25FX7O    0% (0/0)
  https://twitter.com/roamaya16/status/875735258687262721   n
    3PN6H8C9R64CWCGX6B9BZO7KRWSADA    A16X5FB3HAFCKN    0% (0/0)
  https://twitter.com/Tasha_AliceW/status/937664037713690625    y
    3PN6H8C9R64CWCGX6B9BZO7KRWSADA    ATHS9GUME1XCA   0% (0/0)
  https://twitter.com/Tasha_AliceW/status/937664037713690625    y
    3PN6H8C9R64CWCGX6B9BZO7KRWSADA    A3GUJ6JD25FX7O    0% (0/0)
  https://twitter.com/Tasha_AliceW/status/937664037713690625    y
    3Q2T3FD0OPMFGLNPAPT4V6G8U0SM38    A3GUJ6JD25FX7O    0% (0/0)
  https://twitter.com/SusieQ_Thompson/status/942150826306314241   y
    3Q2T3FD0OPMFGLNPAPT4V6G8U0SM38    A1O4TRWZO664V3    0% (0/0)
  https://twitter.com/SusieQ_Thompson/status/942150826306314241   n
    3Q2T3FD0OPMFGLNPAPT4V6G8U0SM38    A16X5FB3HAFCKN    0% (0/0)
  https://twitter.com/SusieQ_Thompson/status/942150826306314241   y
    3QO7EE372Q1B4VPUHBFRUYYPST2BQB    A1O4TRWZO664V3    0% (0/0)
  https://twitter.com/willinybor/status/941151440210362371    n
    3QO7EE372Q1B4VPUHBFRUYYPST2BQB    ATHS9GUME1XCA   0% (0/0)
  https://twitter.com/willinybor/status/941151440210362371    n
    3QO7EE372Q1B4VPUHBFRUYYPST2BQB    A3GUJ6JD25FX7O    0% (0/0)
  https://twitter.com/willinybor/status/941151440210362371    n
    3QXFBUZ4ZMUZN54ME6RA5AMBBR0GU2    A130P4M9JPT4YA    0% (0/0)
  https://twitter.com/_HomeRecker_/status/942149895401566210    n
    3QXFBUZ4ZMUZN54ME6RA5AMBBR0GU2    A3GUJ6JD25FX7O    0% (0/0)
  https://twitter.com/_HomeRecker_/status/942149895401566210    n
    3QXFBUZ4ZMUZN54ME6RA5AMBBR0GU2    A1O4TRWZO664V3    0% (0/0)
  https://twitter.com/_HomeRecker_/status/942149895401566210    n
    3QXFBUZ4ZMUZN54ME6RA5AMBBR0UGG    A1GKEEI844CEKI    0% (0/0)
  https://twitter.com/sassEden/status/943315353672728577    n
    3QXFBUZ4ZMUZN54ME6RA5AMBBR0UGG    A1O4TRWZO664V3    0% (0/0)
  https://twitter.com/sassEden/status/943315353672728577    n
    3QXFBUZ4ZMUZN54ME6RA5AMBBR0UGG    A3GUJ6JD25FX7O    0% (0/0)
  https://twitter.com/sassEden/status/943315353672728577    n
    3R0WOCG21ONWBLUVCGQ2ZPJEYZKUD6    A1GKEEI844CEKI    0% (0/0)
  https://twitter.com/WalletBoy98/status/942757068431286272   y
    3R0WOCG21ONWBLUVCGQ2ZPJEYZKUD6    A3GUJ6JD25FX7O    0% (0/0)
  https://twitter.com/WalletBoy98/status/942757068431286272   y
    3R0WOCG21ONWBLUVCGQ2ZPJEYZKUD6    A1O4TRWZO664V3    0% (0/0)
  https://twitter.com/WalletBoy98/status/942757068431286272   y
    3R15W654VF7NH4B68O4L81UU4NGLQ8    ATHS9GUME1XCA   0% (0/0)
  https://twitter.com/Cayla_Snyder/status/767084749613592577    y
    3R15W654VF7NH4B68O4L81UU4NGLQ8    A3PYEW6693PCHT    0% (0/0)
  https://twitter.com/Cayla_Snyder/status/767084749613592577    y
    3R15W654VF7NH4B68O4L81UU4NGLQ8    A3GUJ6JD25FX7O    0% (0/0)
  https://twitter.com/Cayla_Snyder/status/767084749613592577    y
    3R4QIDVOJRQKEVB9IBMH1PFWCNREE2    ATHS9GUME1XCA   0% (0/0)
  https://twitter.com/ElMeester/status/866128844067151877   n
    3R4QIDVOJRQKEVB9IBMH1PFWCNREE2    A3GUJ6JD25FX7O    0% (0/0)
  https://twitter.com/ElMeester/status/866128844067151877   y
    3R4QIDVOJRQKEVB9IBMH1PFWCNREE2    A130P4M9JPT4YA    0% (0/0)
  https://twitter.com/ElMeester/status/866128844067151877   y
    3R868ACW4UQG94YWKTQIM21QD9EZG9    A3GUJ6JD25FX7O    0% (0/0)
  https://twitter.com/Strobics9/status/852010382134657026   y
    3R868ACW4UQG94YWKTQIM21QD9EZG9    A130P4M9JPT4YA    0% (0/0)
  https://twitter.com/Strobics9/status/852010382134657026   y
    3R868ACW4UQG94YWKTQIM21QD9EZG9    A16X5FB3HAFCKN    0% (0/0)
  https://twitter.com/Strobics9/status/852010382134657026   y
    3RKHNXPHGYA4PR054XCP32E4I8HUKJ    A2HM35CWB7IIFM    0% (0/0)
  https://twitter.com/Stoppers0110/status/943965459229167621    y
    3RKHNXPHGYA4PR054XCP32E4I8HUKJ    A3GUJ6JD25FX7O    0% (0/0)
  https://twitter.com/Stoppers0110/status/943965459229167621    y
    3RKHNXPHGYA4PR054XCP32E4I8HUKJ    A1O4TRWZO664V3    0% (0/0)
  https://twitter.com/Stoppers0110/status/943965459229167621    y
    3ROUCZ907H8S2D1N63S9BD3OKR3OOK    A3GUJ6JD25FX7O    0% (0/0)
  https://twitter.com/meglinal/status/877210564606517248    y
    3ROUCZ907H8S2D1N63S9BD3OKR3OOK    ATHS9GUME1XCA   0% (0/0)
  https://twitter.com/meglinal/status/877210564606517248    n
    3ROUCZ907H8S2D1N63S9BD3OKR3OOK    A16X5FB3HAFCKN    0% (0/0)
  https://twitter.com/meglinal/status/877210564606517248    n
    3RTFSSG7TAKS117SKX3R0QCGSOXLWC    ATHS9GUME1XCA   0% (0/0)
  https://twitter.com/randireneelong/status/894383461678624769    y
    3RTFSSG7TAKS117SKX3R0QCGSOXLWC    A1O4TRWZO664V3    0% (0/0)
  https://twitter.com/randireneelong/status/894383461678624769    y
    3RTFSSG7TAKS117SKX3R0QCGSOXLWC    A3GUJ6JD25FX7O    0% (0/0)
  https://twitter.com/randireneelong/status/894383461678624769    y
    3RWO3EJELJNPRL6NF17DOHV61LPP1F    A3GUJ6JD25FX7O    0% (0/0)
  https://twitter.com/Gettrumpout72/status/942212892732153857   y
    3RWO3EJELJNPRL6NF17DOHV61LPP1F    A16X5FB3HAFCKN    0% (0/0)
  https://twitter.com/Gettrumpout72/status/942212892732153857   y
    3RWO3EJELJNPRL6NF17DOHV61LPP1F    ATHS9GUME1XCA   0% (0/0)
  https://twitter.com/Gettrumpout72/status/942212892732153857   y
    3S1L4CQSFZJ9UWUTXH41NOA5398AFL    A3GUJ6JD25FX7O    0% (0/0)
  https://twitter.com/Connie_Darko73/status/942141827309883397    n
    3S1L4CQSFZJ9UWUTXH41NOA5398AFL    ATHS9GUME1XCA   0% (0/0)
  https://twitter.com/Connie_Darko73/status/942141827309883397    n
    3S1L4CQSFZJ9UWUTXH41NOA5398AFL    A16X5FB3HAFCKN    0% (0/0)
  https://twitter.com/Connie_Darko73/status/942141827309883397    y
    3S1WOPCJFI7SPBX1WCX8Y5SOHVNEJN    A16X5FB3HAFCKN    0% (0/0)
  https://twitter.com/STVCEYG/status/916168081717780481   y
    3S1WOPCJFI7SPBX1WCX8Y5SOHVNEJN    A3GUJ6JD25FX7O    0% (0/0)
  https://twitter.com/STVCEYG/status/916168081717780481   y
    3S1WOPCJFI7SPBX1WCX8Y5SOHVNEJN    ATHS9GUME1XCA   0% (0/0)
  https://twitter.com/STVCEYG/status/916168081717780481   n
    3S1WOPCJFI7SPBX1WCX8Y5SOHVNJES    ATHS9GUME1XCA   0% (0/0)
  https://twitter.com/EvanSchaffer78/status/943183448218439680    y
    3S1WOPCJFI7SPBX1WCX8Y5SOHVNJES    A3GUJ6JD25FX7O    0% (0/0)
  https://twitter.com/EvanSchaffer78/status/943183448218439680    y
    3S1WOPCJFI7SPBX1WCX8Y5SOHVNJES    A3PYEW6693PCHT    0% (0/0)
  https://twitter.com/EvanSchaffer78/status/943183448218439680    y
    3S4TINXCC218JJCE2YNN5T3PDSKBO3    A2RHLZO74ZXQV3    0% (0/0)
  https://twitter.com/chaphead/status/938530955706490880    y
    3S4TINXCC218JJCE2YNN5T3PDSKBO3    A3GUJ6JD25FX7O    0% (0/0)
  https://twitter.com/chaphead/status/938530955706490880    n
    3S4TINXCC218JJCE2YNN5T3PDSKBO3    ATHS9GUME1XCA   0% (0/0)
  https://twitter.com/chaphead/status/938530955706490880    n
    3S8APUMBJZXED6ZL3V4XIZUBLRTBFH    ATHS9GUME1XCA   0% (0/0)
  https://twitter.com/HarleQuinncy/status/726091306217385984    y
    3S8APUMBJZXED6ZL3V4XIZUBLRTBFH    A3GUJ6JD25FX7O    0% (0/0)
  https://twitter.com/HarleQuinncy/status/726091306217385984    y
    3S8APUMBJZXED6ZL3V4XIZUBLRTBFH    A16X5FB3HAFCKN    0% (0/0)
  https://twitter.com/HarleQuinncy/status/726091306217385984    y
    3SA4EMRVJXGPKWL5JI3DACCWWTJP0C    A3GUJ6JD25FX7O    0% (0/0)
  https://twitter.com/graphographer/status/942579100484554752   n
    3SA4EMRVJXGPKWL5JI3DACCWWTJP0C    A16X5FB3HAFCKN    0% (0/0)
  https://twitter.com/graphographer/status/942579100484554752   y
    3SA4EMRVJXGPKWL5JI3DACCWWTJP0C    A1O4TRWZO664V3    0% (0/0)
  https://twitter.com/graphographer/status/942579100484554752   n
    3SBNLSTU6WJDXKO5I3PAGHYT0HYZDZ    A16X5FB3HAFCKN    0% (0/0)
  https://twitter.com/RoyichiiMagtaos/status/766332220734713856   n
    3SBNLSTU6WJDXKO5I3PAGHYT0HYZDZ    A3GUJ6JD25FX7O    0% (0/0)
  https://twitter.com/RoyichiiMagtaos/status/766332220734713856   n
    3SBNLSTU6WJDXKO5I3PAGHYT0HYZDZ    ATHS9GUME1XCA   0% (0/0)
  https://twitter.com/RoyichiiMagtaos/status/766332220734713856   n
    3SCKNODZ0ZU3ZM9CO2BUL2HO4SO7NY    A1GKEEI844CEKI    0% (0/0)
  https://twitter.com/_JeffMartins/status/768785836091535361    y
    3SCKNODZ0ZU3ZM9CO2BUL2HO4SO7NY    ATHS9GUME1XCA   0% (0/0)
  https://twitter.com/_JeffMartins/status/768785836091535361    n
    3SCKNODZ0ZU3ZM9CO2BUL2HO4SO7NY    A3GUJ6JD25FX7O    0% (0/0)
  https://twitter.com/_JeffMartins/status/768785836091535361    y
    3SNR5F7R947WU0DVEUC8M4DO4GYEIB    A3PYEW6693PCHT    0% (0/0)
  https://twitter.com/kaitcorinne/status/921232698521272321   y
    3SNR5F7R947WU0DVEUC8M4DO4GYEIB    A3GUJ6JD25FX7O    0% (0/0)
  https://twitter.com/kaitcorinne/status/921232698521272321   y
    3SNR5F7R947WU0DVEUC8M4DO4GYEIB    A1GKEEI844CEKI    0% (0/0)
  https://twitter.com/kaitcorinne/status/921232698521272321   y
    3T6EIBTM9N2EY5DLM1I99NZE6TVAA8    A16X5FB3HAFCKN    0% (0/0)
  https://twitter.com/annemariee16/status/881996053226147841    y
    3T6EIBTM9N2EY5DLM1I99NZE6TVAA8    A3GUJ6JD25FX7O    0% (0/0)
  https://twitter.com/annemariee16/status/881996053226147841    n
    3T6EIBTM9N2EY5DLM1I99NZE6TVAA8    A1NF6PELRKACS9    0% (0/0)
  https://twitter.com/annemariee16/status/881996053226147841    y
    3TC2K6WK9IGBAEP2CO5G7EAL4H328P    A16X5FB3HAFCKN    0% (0/0)
  https://twitter.com/HarleQuinncy/status/719986103185510400    y
    3TC2K6WK9IGBAEP2CO5G7EAL4H328P    ATHS9GUME1XCA   0% (0/0)
  https://twitter.com/HarleQuinncy/status/719986103185510400    n
    3TC2K6WK9IGBAEP2CO5G7EAL4H328P    A1O4TRWZO664V3    0% (0/0)
  https://twitter.com/HarleQuinncy/status/719986103185510400    s
    3TD33TP5DNGJHFIDSFI54YJKOBGAB3    A1O4TRWZO664V3    0% (0/0)
  https://twitter.com/hkrump/status/910976841518743553    y
    3TD33TP5DNGJHFIDSFI54YJKOBGAB3    A3GUJ6JD25FX7O    0% (0/0)
  https://twitter.com/hkrump/status/910976841518743553    y
    3TD33TP5DNGJHFIDSFI54YJKOBGAB3    A16X5FB3HAFCKN    0% (0/0)
  https://twitter.com/hkrump/status/910976841518743553    y
    3THR0FZ95R7KWSYQTBCHJWZUPMYOL3    A1O4TRWZO664V3    0% (0/0)
  https://twitter.com/kaye_shelby/status/863259434092331009   y
    3THR0FZ95R7KWSYQTBCHJWZUPMYOL3    A1NF6PELRKACS9    0% (0/0)
  https://twitter.com/kaye_shelby/status/863259434092331009   y
    3THR0FZ95R7KWSYQTBCHJWZUPMYOL3    A3GUJ6JD25FX7O    0% (0/0)
  https://twitter.com/kaye_shelby/status/863259434092331009   y
    3UAU495MIK6NFILK2P4IAJVD2DROUX    ATHS9GUME1XCA   0% (0/0)
  https://twitter.com/chaphead/status/921501138482057217    y
    3UAU495MIK6NFILK2P4IAJVD2DROUX    A130P4M9JPT4YA    0% (0/0)
  https://twitter.com/chaphead/status/921501138482057217    y
    3UAU495MIK6NFILK2P4IAJVD2DROUX    A16X5FB3HAFCKN    0% (0/0)
  https://twitter.com/chaphead/status/921501138482057217    y
    3UEBBGULPH2T958R3MLSNPMZAC0UFH    A1GKEEI844CEKI    0% (0/0)
  https://twitter.com/__Vorfreude_/status/943288851006742529    n
    3UEBBGULPH2T958R3MLSNPMZAC0UFH    ATHS9GUME1XCA   0% (0/0)
  https://twitter.com/__Vorfreude_/status/943288851006742529    n
    3UEBBGULPH2T958R3MLSNPMZAC0UFH    A3GUJ6JD25FX7O    0% (0/0)
  https://twitter.com/__Vorfreude_/status/943288851006742529    y
    3UXQ63NLAC00DY9HP67VDCZVINFBLM    A1S88VQY8G8CNC    0% (0/0)
  https://twitter.com/Mr_Clean420/status/899063801089339393   y
    3UXQ63NLAC00DY9HP67VDCZVINFBLM    A3PYEW6693PCHT    0% (0/0)
  https://twitter.com/Mr_Clean420/status/899063801089339393   y
    3UXQ63NLAC00DY9HP67VDCZVINFBLM    ATHS9GUME1XCA   0% (0/0)
  https://twitter.com/Mr_Clean420/status/899063801089339393   y
    3UZUVSO3P99IQJ3MZ9A0EXK5LPIEMR    A1O4TRWZO664V3    0% (0/0)
  https://twitter.com/Loulouholms/status/942087661300396032   y
    3UZUVSO3P99IQJ3MZ9A0EXK5LPIEMR    A16X5FB3HAFCKN    0% (0/0)
  https://twitter.com/Loulouholms/status/942087661300396032   y
    3UZUVSO3P99IQJ3MZ9A0EXK5LPIEMR    A3GUJ6JD25FX7O    0% (0/0)
  https://twitter.com/Loulouholms/status/942087661300396032   y
    3UZUVSO3P99IQJ3MZ9A0EXK5LPIMEZ    A1S88VQY8G8CNC    0% (0/0)
  https://twitter.com/BumFacts/status/943683895127449601    n
    3UZUVSO3P99IQJ3MZ9A0EXK5LPIMEZ    ATHS9GUME1XCA   0% (0/0)
  https://twitter.com/BumFacts/status/943683895127449601    n
    3UZUVSO3P99IQJ3MZ9A0EXK5LPIMEZ    A3GUJ6JD25FX7O    0% (0/0)
  https://twitter.com/BumFacts/status/943683895127449601    n
    3V0TR1NRVCGZWGX4D08IWKDEEJZA4X    A16X5FB3HAFCKN    0% (0/0)
  https://twitter.com/HarleQuinncy/status/735975256591110145    y
    3V0TR1NRVCGZWGX4D08IWKDEEJZA4X    A130P4M9JPT4YA    0% (0/0)
  https://twitter.com/HarleQuinncy/status/735975256591110145    y
    3V0TR1NRVCGZWGX4D08IWKDEEJZA4X    A3GUJ6JD25FX7O    0% (0/0)
  https://twitter.com/HarleQuinncy/status/735975256591110145    y
    3VEI3XUCZTBDKQ54DVMSU8DJ5JJRPD    A3GUJ6JD25FX7O    0% (0/0)
  https://twitter.com/maCK_dr3/status/943542844844683265    n
    3VEI3XUCZTBDKQ54DVMSU8DJ5JJRPD    A1NF6PELRKACS9    0% (0/0)
  https://twitter.com/maCK_dr3/status/943542844844683265    y
    3VEI3XUCZTBDKQ54DVMSU8DJ5JJRPD    A16X5FB3HAFCKN    0% (0/0)
  https://twitter.com/maCK_dr3/status/943542844844683265    y
    3VI0PC2ZA0YFWMFF7UF5UQUHWV8OXP    A3GUJ6JD25FX7O    0% (0/0)
  https://twitter.com/chaphead/status/941596711356653568    y
    3VI0PC2ZA0YFWMFF7UF5UQUHWV8OXP    A16X5FB3HAFCKN    0% (0/0)
  https://twitter.com/chaphead/status/941596711356653568    y
    3VI0PC2ZA0YFWMFF7UF5UQUHWV8OXP    A130P4M9JPT4YA    0% (0/0)
  https://twitter.com/chaphead/status/941596711356653568    y
    3VJ4PFXFJ5LYDERJS6Z09OB8DWNUA4    A16X5FB3HAFCKN    0% (0/0)
  https://twitter.com/xojenxo0604/status/942143510098083841   y
    3VJ4PFXFJ5LYDERJS6Z09OB8DWNUA4    ATHS9GUME1XCA   0% (0/0)
  https://twitter.com/xojenxo0604/status/942143510098083841   n
    3VJ4PFXFJ5LYDERJS6Z09OB8DWNUA4    A3GUJ6JD25FX7O    0% (0/0)
  https://twitter.com/xojenxo0604/status/942143510098083841   y
    3VLL1PIENS241HFU8C3QRBAS4V6OZM    A3GUJ6JD25FX7O    0% (0/0)
  https://twitter.com/Dr_Know_It_All/status/942271213623304194    n
    3VLL1PIENS241HFU8C3QRBAS4V6OZM    A16X5FB3HAFCKN    0% (0/0)
  https://twitter.com/Dr_Know_It_All/status/942271213623304194    y
    3VLL1PIENS241HFU8C3QRBAS4V6OZM    A1O4TRWZO664V3    0% (0/0)
  https://twitter.com/Dr_Know_It_All/status/942271213623304194    n
    3VMV5CHJZATKNSPXE1100E09SDTGTB    A1GKEEI844CEKI    0% (0/0)
  https://twitter.com/barnett1986/status/942090069313245185   n
    3VMV5CHJZATKNSPXE1100E09SDTGTB    ATHS9GUME1XCA   0% (0/0)
  https://twitter.com/barnett1986/status/942090069313245185   y
    3VMV5CHJZATKNSPXE1100E09SDTGTB    A3GUJ6JD25FX7O    0% (0/0)
  https://twitter.com/barnett1986/status/942090069313245185   y
    3VO4XFFP170O2JM44U3BPWCT93B7QL    A3GUJ6JD25FX7O    0% (0/0)
  https://twitter.com/raiden96/status/825346669625606145    y
    3VO4XFFP170O2JM44U3BPWCT93B7QL    A16X5FB3HAFCKN    0% (0/0)
  https://twitter.com/raiden96/status/825346669625606145    y
    3VO4XFFP170O2JM44U3BPWCT93B7QL    A130P4M9JPT4YA    0% (0/0)
  https://twitter.com/raiden96/status/825346669625606145    y
    3VP28W7DUPYAV42199K04H1ECUEZFA    A16X5FB3HAFCKN    0% (0/0)
  https://twitter.com/CornerPubRon/status/843566109282459648    y
    3VP28W7DUPYAV42199K04H1ECUEZFA    A3GUJ6JD25FX7O    0% (0/0)
  https://twitter.com/CornerPubRon/status/843566109282459648    y
    3VP28W7DUPYAV42199K04H1ECUEZFA    A1NF6PELRKACS9    0% (0/0)
  https://twitter.com/CornerPubRon/status/843566109282459648    y
    3VQTAXTYN5Z3WOWBYKZW4ZVEVE8BUG    A3GUJ6JD25FX7O    0% (0/0)
  https://twitter.com/VickyWinegum/status/943924218743476225    n
    3VQTAXTYN5Z3WOWBYKZW4ZVEVE8BUG    A16X5FB3HAFCKN    0% (0/0)
  https://twitter.com/VickyWinegum/status/943924218743476225    y
    3VQTAXTYN5Z3WOWBYKZW4ZVEVE8BUG    A1O4TRWZO664V3    0% (0/0)
  https://twitter.com/VickyWinegum/status/943924218743476225    n
    3VQTAXTYN5Z3WOWBYKZW4ZVEVE8UBZ    A1O4TRWZO664V3    0% (0/0)
  https://twitter.com/k_klemme/status/942269475382071296    y
    3VQTAXTYN5Z3WOWBYKZW4ZVEVE8UBZ    A3GUJ6JD25FX7O    0% (0/0)
  https://twitter.com/k_klemme/status/942269475382071296    y
    3VQTAXTYN5Z3WOWBYKZW4ZVEVE8UBZ    A16X5FB3HAFCKN    0% (0/0)
  https://twitter.com/k_klemme/status/942269475382071296    y
    3W3RSPVVGU5F9XINPXOQI2RJ78MLUD    A1NF6PELRKACS9    0% (0/0)
  https://twitter.com/lizlovestalon/status/853477489984798722   y
    3W3RSPVVGU5F9XINPXOQI2RJ78MLUD    A2HM35CWB7IIFM    0% (0/0)
  https://twitter.com/lizlovestalon/status/853477489984798722   y
    3W3RSPVVGU5F9XINPXOQI2RJ78MLUD    A3GUJ6JD25FX7O    0% (0/0)
  https://twitter.com/lizlovestalon/status/853477489984798722   y
    3WRKFXQBODLU05UMEVO2T754MS3IYU    A1GKEEI844CEKI    0% (0/0)
  https://twitter.com/LaurenADahl/status/832337831037136897   n
    3WRKFXQBODLU05UMEVO2T754MS3IYU    A130P4M9JPT4YA    0% (0/0)
  https://twitter.com/LaurenADahl/status/832337831037136897   y
    3WRKFXQBODLU05UMEVO2T754MS3IYU    A3GUJ6JD25FX7O    0% (0/0)
  https://twitter.com/LaurenADahl/status/832337831037136897   y
    3X4Q1O9UBJ0LH79OPHB70RHTU2T7OD    A16X5FB3HAFCKN    0% (0/0)
  https://twitter.com/hkrump/status/823216740788092928    n
    3X4Q1O9UBJ0LH79OPHB70RHTU2T7OD    A1O4TRWZO664V3    0% (0/0)
  https://twitter.com/hkrump/status/823216740788092928    y
    3X4Q1O9UBJ0LH79OPHB70RHTU2T7OD    ATHS9GUME1XCA   0% (0/0)
  https://twitter.com/hkrump/status/823216740788092928    n
    3X55NP42EQUL1OK225LWCAA3Z53P37    ATHS9GUME1XCA   0% (0/0)
  https://twitter.com/RobertA54611889/status/943227252095029249   y
    3X55NP42EQUL1OK225LWCAA3Z53P37    A16X5FB3HAFCKN    0% (0/0)
  https://twitter.com/RobertA54611889/status/943227252095029249   y
    3X55NP42EQUL1OK225LWCAA3Z53P37    A1O4TRWZO664V3    0% (0/0)
  https://twitter.com/RobertA54611889/status/943227252095029249   y
    3X7837UUAFCOCW4MQUEAMH0B0XZJ67    A16X5FB3HAFCKN    0% (0/0)
  https://twitter.com/darcieadeutsch/status/908236449761210373    y
    3X7837UUAFCOCW4MQUEAMH0B0XZJ67    ATHS9GUME1XCA   0% (0/0)
  https://twitter.com/darcieadeutsch/status/908236449761210373    y
    3X7837UUAFCOCW4MQUEAMH0B0XZJ67    A1O4TRWZO664V3    0% (0/0)
  https://twitter.com/darcieadeutsch/status/908236449761210373    y
    3XBXDSS88AX7Q1CIU2ZD29QN1Q3LX5    ATHS9GUME1XCA   0% (0/0)
  https://twitter.com/StevePietaster/status/907682248559939585    n
    3XBXDSS88AX7Q1CIU2ZD29QN1Q3LX5    A3GUJ6JD25FX7O    0% (0/0)
  https://twitter.com/StevePietaster/status/907682248559939585    y
    3XBXDSS88AX7Q1CIU2ZD29QN1Q3LX5    A2RHLZO74ZXQV3    0% (0/0)
  https://twitter.com/StevePietaster/status/907682248559939585    y
    3XBYQ44Z6RIGKEFXT65IMHMXM1JWTQ    A3GUJ6JD25FX7O    0% (0/0)
  https://twitter.com/daveohsee/status/943616182934007810   n
    3XBYQ44Z6RIGKEFXT65IMHMXM1JWTQ    ATHS9GUME1XCA   0% (0/0)
  https://twitter.com/daveohsee/status/943616182934007810   n
    3XBYQ44Z6RIGKEFXT65IMHMXM1JWTQ    A16X5FB3HAFCKN    0% (0/0)
  https://twitter.com/daveohsee/status/943616182934007810   y
    3XDJY5RK5UZJBPB2J5P9WLP8LMRU4T    A3GUJ6JD25FX7O    0% (0/0)
  https://twitter.com/GingerWins/status/888657670906957824    y
    3XDJY5RK5UZJBPB2J5P9WLP8LMRU4T    A1O4TRWZO664V3    0% (0/0)
  https://twitter.com/GingerWins/status/888657670906957824    y
    3XDJY5RK5UZJBPB2J5P9WLP8LMRU4T    A16X5FB3HAFCKN    0% (0/0)
  https://twitter.com/GingerWins/status/888657670906957824    y
    3YD0MU1NC4FWF3FNFY6PZWXO5LPA7H    A3GUJ6JD25FX7O    0% (0/0)
  https://twitter.com/veronica_now/status/839312833313566721    y
    3YD0MU1NC4FWF3FNFY6PZWXO5LPA7H    A130P4M9JPT4YA    0% (0/0)
  https://twitter.com/veronica_now/status/839312833313566721    y
    3YD0MU1NC4FWF3FNFY6PZWXO5LPA7H    A16X5FB3HAFCKN    0% (0/0)
  https://twitter.com/veronica_now/status/839312833313566721    y
    3YGYP13643NDH5TRXG90QJ8O54IRNH    ATHS9GUME1XCA   0% (0/0)
  https://twitter.com/Thumpr1982/status/943064119007051777    n
    3YGYP13643NDH5TRXG90QJ8O54IRNH    A3GUJ6JD25FX7O    0% (0/0)
  https://twitter.com/Thumpr1982/status/943064119007051777    n
    3YGYP13643NDH5TRXG90QJ8O54IRNH    A16X5FB3HAFCKN    0% (0/0)
  https://twitter.com/Thumpr1982/status/943064119007051777    y
    3YOAVL4CA2V0XO5CPSOHDD4NN464ZS    A3GUJ6JD25FX7O    0% (0/0)
  https://twitter.com/45revspermin/status/802883936053497857    y
    3YOAVL4CA2V0XO5CPSOHDD4NN464ZS    A16X5FB3HAFCKN    0% (0/0)
  https://twitter.com/45revspermin/status/802883936053497857    y
    3YOAVL4CA2V0XO5CPSOHDD4NN464ZS    A1NF6PELRKACS9    0% (0/0)
  https://twitter.com/45revspermin/status/802883936053497857    y
    3Z56AA6EK6EED4A7TRR229SS4RUM6E    A16X5FB3HAFCKN    0% (0/0)
  https://twitter.com/edcampos92/status/942285285819404289    y
    3Z56AA6EK6EED4A7TRR229SS4RUM6E    ATHS9GUME1XCA   0% (0/0)
  https://twitter.com/edcampos92/status/942285285819404289    n
    3Z56AA6EK6EED4A7TRR229SS4RUM6E    A3GUJ6JD25FX7O    0% (0/0)
  https://twitter.com/edcampos92/status/942285285819404289    n
    3ZRKL6Z1EAHJ8SCIP1WAQ94NQUFGSM    A16X5FB3HAFCKN    0% (0/0)
  https://twitter.com/kylemckelv/status/932043756638961665    y
    3ZRKL6Z1EAHJ8SCIP1WAQ94NQUFGSM    A1O4TRWZO664V3    0% (0/0)
  https://twitter.com/kylemckelv/status/932043756638961665    y
    3ZRKL6Z1EAHJ8SCIP1WAQ94NQUFGSM    ATHS9GUME1XCA   0% (0/0)
  https://twitter.com/kylemckelv/status/932043756638961665    n
    3ZVPAMTJWPH77DC5ACW50ZZR4SWGRY    A3GUJ6JD25FX7O    0% (0/0)
  https://twitter.com/broady503/status/923299336364048385   n
    3ZVPAMTJWPH77DC5ACW50ZZR4SWGRY    A1S88VQY8G8CNC    0% (0/0)
  https://twitter.com/broady503/status/923299336364048385   n
    3ZVPAMTJWPH77DC5ACW50ZZR4SWGRY    ATHS9GUME1XCA   0% (0/0)
  https://twitter.com/broady503/status/923299336364048385   y
    3ZVPAMTJWPH77DC5ACW50ZZR4SWRG9    A1O4TRWZO664V3    0% (0/0)
  https://twitter.com/djohmz413/status/933384490759741440   n
    3ZVPAMTJWPH77DC5ACW50ZZR4SWRG9    A16X5FB3HAFCKN    0% (0/0)
  https://twitter.com/djohmz413/status/933384490759741440   y
    3ZVPAMTJWPH77DC5ACW50ZZR4SWRG9    A3GUJ6JD25FX7O    0% (0/0)
  https://twitter.com/djohmz413/status/933384490759741440   y
    3ZZAYRN1I858F56V2KE85N9BJZKOT6    A2RHLZO74ZXQV3    0% (0/0)
  https://twitter.com/chaphead/status/923293635499638784    y
    3ZZAYRN1I858F56V2KE85N9BJZKOT6    A1GKEEI844CEKI    0% (0/0)
  https://twitter.com/chaphead/status/923293635499638784    y
    3ZZAYRN1I858F56V2KE85N9BJZKOT6    A3GUJ6JD25FX7O    0% (0/0)
  https://twitter.com/chaphead/status/923293635499638784    y